SNo,Name,Ticker,Date,High,Low,Open,Close,Volume,Marketcap
30193,Organon & Co.,OGN,2021-05-14,33.2500,31.0000,31.0000,33.2500,342900.0000,8643855501.7500
30194,Organon & Co.,OGN,2021-05-17,35.0000,34.0000,34.0000,34.1000,31500.0000,8864825847.2240
30195,Organon & Co.,OGN,2021-05-18,38.4210,34.4800,34.4800,37.5000,48900.0000,9748709212.5000
30196,Organon & Co.,OGN,2021-05-19,37.7500,37.0000,37.0000,37.5000,43900.0000,9748709212.5000
30197,Organon & Co.,OGN,2021-05-20,37.7500,37.5000,37.5000,37.7500,22900.0000,9813700607.2500
30198,Organon & Co.,OGN,2021-05-21,38.5000,37.5000,38.5000,37.6000,18300.0000,9774705373.7240
30199,Organon & Co.,OGN,2021-05-24,38.2500,37.9000,38.0000,38.0000,30600.0000,9878692002.0000
30200,Organon & Co.,OGN,2021-05-25,38.7500,36.9000,38.7500,36.9500,35800.0000,9605728342.3880
30201,Organon & Co.,OGN,2021-05-26,38.0000,36.0000,38.0000,36.8300,44400.0000,9574532750.5812
30202,Organon & Co.,OGN,2021-05-27,37.0000,35.5000,37.0000,35.5000,40700.0000,9228778054.5000
30203,Organon & Co.,OGN,2021-05-28,37.1090,35.7500,36.0000,35.7500,60800.0000,9293769449.2500
30204,Organon & Co.,OGN,2021-06-01,37.4590,35.9000,36.6500,36.0000,52000.0000,9358760844.0000
30205,Organon & Co.,OGN,2021-06-02,36.7400,34.5000,36.5000,35.2600,1306900.0000,9166385879.1964
30206,Organon & Co.,OGN,2021-06-03,38.2400,32.2200,34.1500,37.0000,22326000.0000,9618726423.0000
30207,Organon & Co.,OGN,2021-06-04,36.1700,33.7100,36.1500,34.1500,7502300.0000,8877824919.5260
30208,Organon & Co.,OGN,2021-06-07,33.8800,30.8500,33.6000,31.4200,11513100.0000,8168118512.0138
30209,Organon & Co.,OGN,2021-06-08,30.9100,28.5300,30.3300,28.9100,18500300.0000,7515604849.2224
30210,Organon & Co.,OGN,2021-06-09,29.4400,27.2500,28.3000,28.4500,14563600.0000,7396020920.8880
30211,Organon & Co.,OGN,2021-06-10,31.1600,28.4000,28.4600,30.3300,11205900.0000,7884755991.2362
30212,Organon & Co.,OGN,2021-06-11,30.3800,29.4000,30.3800,29.6500,5728900.0000,7707979318.1810
30213,Organon & Co.,OGN,2021-06-14,30.6300,29.2700,30.0800,30.2800,6972000.0000,7871757910.6242
30214,Organon & Co.,OGN,2021-06-15,32.0900,29.8000,30.0300,31.8100,6339100.0000,8269504929.1534
30215,Organon & Co.,OGN,2021-06-16,31.6500,30.2700,31.5200,30.7000,5288100.0000,7980943473.6380
30216,Organon & Co.,OGN,2021-06-17,31.7300,30.1000,30.4900,31.4600,5086400.0000,8178516877.3344
30217,Organon & Co.,OGN,2021-06-18,31.7100,29.9600,31.5000,29.9800,10213800.0000,7793767939.4172
30218,Organon & Co.,OGN,2021-06-21,30.6700,29.3600,30.2000,29.4100,3542700.0000,7645587638.7224
30219,Organon & Co.,OGN,2021-06-22,29.8700,28.8450,29.2500,29.5300,4218300.0000,7676783726.3742
30220,Organon & Co.,OGN,2021-06-23,30.0800,29.1000,29.5300,29.5000,3880900.0000,7668984580.5000
30221,Organon & Co.,OGN,2021-06-24,30.0700,29.3000,29.3900,29.7700,2769600.0000,7739175405.8328
30222,Organon & Co.,OGN,2021-06-25,30.8700,29.2100,29.7700,30.1900,13582700.0000,7848360968.8466
30223,Organon & Co.,OGN,2021-06-28,31.0300,29.4100,29.6900,30.9400,3106200.0000,8043335153.0966
30224,Organon & Co.,OGN,2021-06-29,31.3200,30.4600,30.9800,30.5500,2256700.0000,7941948240.1120
30225,Organon & Co.,OGN,2021-06-30,30.8300,30.2500,30.3300,30.2600,2011100.0000,7866558480.0414
30226,Organon & Co.,OGN,2021-07-01,31.2400,30.0600,30.1100,30.8200,2437100.0000,8012139065.4448
30227,Organon & Co.,OGN,2021-07-02,31.1200,30.3000,30.7100,30.8600,1813100.0000,8022537926.6104
30228,Organon & Co.,OGN,2021-07-06,31.1000,29.9000,30.6000,31.0000,2853500.0000,8058932949.0000
30229,Organon & Co.,OGN,2021-07-07,31.0400,29.8700,31.0000,30.1200,2936200.0000,7830163457.6518
30230,Organon & Co.,OGN,2021-07-08,30.1800,29.2600,29.6500,29.6500,1931400.0000,7707979318.1810
30231,Organon & Co.,OGN,2021-07-09,30.2800,29.5900,29.9500,30.1000,2345700.0000,7824964027.0690
30232,Organon & Co.,OGN,2021-07-12,30.3800,29.5700,29.7700,29.7400,1855700.0000,7731376259.9586
30233,Organon & Co.,OGN,2021-07-13,29.8850,28.9600,29.5000,29.1000,2047900.0000,7564998448.0690
30234,Organon & Co.,OGN,2021-07-14,29.4000,28.8400,28.9800,29.3400,2004600.0000,7627390127.5276
30235,Organon & Co.,OGN,2021-07-15,29.4900,28.6900,28.8500,28.9100,2112300.0000,7515604849.2224
30236,Organon & Co.,OGN,2021-07-16,29.0000,28.4200,28.7700,28.8700,1757700.0000,7505206483.9018
30237,Organon & Co.,OGN,2021-07-19,29.1700,28.5400,28.6300,29.1400,2261600.0000,7575396813.3896
30238,Organon & Co.,OGN,2021-07-20,29.7800,29.0600,29.1700,29.6100,1922600.0000,7697580952.8604
30239,Organon & Co.,OGN,2021-07-21,30.5000,29.5300,29.6600,30.4600,2068400.0000,7918551298.3344
30240,Organon & Co.,OGN,2021-07-22,31.0600,30.2500,30.4300,30.9200,2221100.0000,8038135722.5138
30241,Organon & Co.,OGN,2021-07-23,30.9200,29.7120,30.8900,29.8000,1618100.0000,7746974055.8620
30242,Organon & Co.,OGN,2021-07-26,30.2100,29.1800,29.7100,29.6600,1526900.0000,7710579033.4724
30243,Organon & Co.,OGN,2021-07-27,29.6400,28.8250,29.3600,29.1200,2005300.0000,7570197878.6518
30244,Organon & Co.,OGN,2021-07-28,29.8700,29.0000,29.1300,29.7400,1854600.0000,7731376259.9586
30245,Organon & Co.,OGN,2021-07-29,29.8600,29.2100,29.5900,29.2300,1777000.0000,7598793755.1672
30246,Organon & Co.,OGN,2021-07-30,29.4000,28.9100,29.0600,29.0100,1504200.0000,7541601506.2914
30247,Organon & Co.,OGN,2021-08-02,29.6350,29.0400,29.0800,29.5300,1761600.0000,7676783726.3742
30248,Organon & Co.,OGN,2021-08-03,29.5800,29.0100,29.2800,29.5100,1386700.0000,7671584295.7914
30249,Organon & Co.,OGN,2021-08-04,29.3200,28.6100,29.3200,28.6300,1851700.0000,7442814308.5982
30250,Organon & Co.,OGN,2021-08-05,29.5800,28.5000,28.6400,29.5600,2190600.0000,7684582376.4034
30251,Organon & Co.,OGN,2021-08-06,29.7800,29.1700,29.4900,29.5000,1298600.0000,7668984580.5000
30252,Organon & Co.,OGN,2021-08-09,30.0000,28.9200,29.7800,29.1000,1982600.0000,7564998448.0690
30253,Organon & Co.,OGN,2021-08-10,30.4850,28.9200,29.0800,30.3500,2980200.0000,7889955421.8190
30254,Organon & Co.,OGN,2021-08-11,30.4000,29.7200,30.3500,29.9300,1868800.0000,7780769858.8052
30255,Organon & Co.,OGN,2021-08-12,34.0000,31.0000,31.0600,33.5000,7826700.0000,8708846896.5000
30256,Organon & Co.,OGN,2021-08-13,34.4900,32.8600,33.5000,34.2100,3441500.0000,8893422219.5844
30257,Organon & Co.,OGN,2021-08-16,34.7900,33.9100,34.2400,34.3300,2742100.0000,8924618803.0812
30258,Organon & Co.,OGN,2021-08-17,35.8200,34.4400,34.7400,35.3800,4683500.0000,9197582462.6932
30259,Organon & Co.,OGN,2021-08-18,36.4900,33.5420,35.8800,33.5900,4685000.0000,8732243838.2776
30260,Organon & Co.,OGN,2021-08-19,34.5670,33.0150,33.4000,34.1000,2501300.0000,8864825847.2240
30261,Organon & Co.,OGN,2021-08-20,34.4600,33.1500,33.9500,33.2200,2354600.0000,8636056851.7208
30262,Organon & Co.,OGN,2021-08-23,33.7900,32.8600,33.5500,33.2400,2473600.0000,8641256282.3036
30263,Organon & Co.,OGN,2021-08-24,33.8200,32.9600,33.3500,33.1600,2117500.0000,8620458559.9724
30264,Organon & Co.,OGN,2021-08-25,33.6100,32.3700,33.0100,33.3000,1929400.0000,8656853582.3620
30265,Organon & Co.,OGN,2021-08-26,34.3600,33.2200,33.2200,33.9600,1607900.0000,8828430824.8344
30266,Organon & Co.,OGN,2021-08-27,34.3200,33.7300,33.9800,34.2500,1165700.0000,8903821080.7500
30267,Organon & Co.,OGN,2021-08-30,34.2400,33.6600,34.0900,33.7200,1069000.0000,8766039641.2208
30268,Organon & Co.,OGN,2021-08-31,34.0980,33.4200,33.5400,33.8900,1694600.0000,8810233313.6396
30269,Organon & Co.,OGN,2021-09-01,35.3700,34.2600,34.4500,34.5600,2738500.0000,8984410767.2484
30270,Organon & Co.,OGN,2021-09-02,35.6400,34.3500,35.1200,35.6100,2560100.0000,9257374426.8604
30271,Organon & Co.,OGN,2021-09-03,35.6500,34.8600,35.4700,35.6100,1466400.0000,9257374426.8604
30272,Organon & Co.,OGN,2021-09-07,35.7500,34.8700,35.2800,35.6400,2247200.0000,9265173076.8896
30273,Organon & Co.,OGN,2021-09-08,35.5300,34.7500,35.5300,34.9700,2185000.0000,9090996614.9708
30274,Organon & Co.,OGN,2021-09-09,35.0000,34.2400,34.9700,34.6800,1573500.0000,9015606359.0552
30275,Organon & Co.,OGN,2021-09-10,35.0000,33.8700,34.9100,33.8800,1658400.0000,8807634094.1932
30276,Organon & Co.,OGN,2021-09-13,34.1800,33.5310,34.1700,33.8300,1950100.0000,8794636013.5812
30277,Organon & Co.,OGN,2021-09-14,33.8800,33.2500,33.7500,33.4200,1570200.0000,8688049174.1688
30278,Organon & Co.,OGN,2021-09-15,34.2600,33.2400,33.5000,33.7200,1953200.0000,8766039641.2208
30279,Organon & Co.,OGN,2021-09-16,34.0900,33.0200,33.8900,33.7600,1280600.0000,8776437510.6964
30280,Organon & Co.,OGN,2021-09-17,34.0800,33.2600,33.7000,34.0300,4341400.0000,8846628336.0292
30281,Organon & Co.,OGN,2021-09-20,33.7000,32.7700,33.2400,32.9400,1937300.0000,8563265815.2516
30282,Organon & Co.,OGN,2021-09-21,33.3900,32.7500,33.1900,32.8900,1162900.0000,8550267734.6396
30283,Organon & Co.,OGN,2021-09-22,33.2400,32.5900,33.0900,32.6500,1332100.0000,8487876551.0260
30284,Organon & Co.,OGN,2021-09-23,33.4700,32.6800,32.7600,33.3800,1608400.0000,8677651304.6932
30285,Organon & Co.,OGN,2021-09-24,33.9500,33.0000,33.5000,33.6900,1888100.0000,8758239999.5016
30286,Organon & Co.,OGN,2021-09-27,33.8700,33.4200,33.6900,33.5400,1281300.0000,8719245757.6656
30287,Organon & Co.,OGN,2021-09-28,33.5200,32.8950,33.5000,33.0400,1286800.0000,8589262968.1656
30288,Organon & Co.,OGN,2021-09-29,34.0000,33.0100,33.0200,33.9800,1306300.0000,8833630255.4172
30289,Organon & Co.,OGN,2021-09-30,34.1700,32.7800,33.9250,32.7900,1481600.0000,8524271573.4156
30290,Organon & Co.,OGN,2021-10-01,33.6000,32.5600,32.8800,33.3300,1497500.0000,8664653224.0812
30291,Organon & Co.,OGN,2021-10-04,33.5800,32.8200,33.1800,32.9400,1784800.0000,8563265815.2516
30292,Organon & Co.,OGN,2021-10-05,33.1400,32.4900,32.6800,32.5300,2452800.0000,8456679967.5292
30293,Organon & Co.,OGN,2021-10-06,33.1400,31.9200,32.2300,33.0700,2533300.0000,8597061618.1948
30294,Organon & Co.,OGN,2021-10-07,33.3200,32.7400,32.9900,32.8400,1339600.0000,8537269654.0276
30295,Organon & Co.,OGN,2021-10-08,32.8700,32.2200,32.7900,32.5700,1249000.0000,8467078828.6948
30296,Organon & Co.,OGN,2021-10-11,33.2570,32.5500,32.5800,33.2100,1319400.0000,8633456640.5844
30297,Organon & Co.,OGN,2021-10-12,33.5400,32.7600,33.1800,32.8400,1271300.0000,8537269654.0276
30298,Organon & Co.,OGN,2021-10-13,33.3250,32.6600,33.0000,33.1500,1251100.0000,8617859340.5260
30299,Organon & Co.,OGN,2021-10-14,33.9400,33.1000,33.1500,33.6400,1624700.0000,8745241918.8896
30300,Organon & Co.,OGN,2021-10-15,35.2500,33.7600,33.9600,34.8900,1675900.0000,9070198892.6396
30301,Organon & Co.,OGN,2021-10-18,35.1200,34.4600,34.8200,34.8000,1236200.0000,9046801950.8620
30302,Organon & Co.,OGN,2021-10-19,35.3900,34.7000,34.8300,35.0600,1246500.0000,9114393556.7484
30303,Organon & Co.,OGN,2021-10-20,36.2200,34.9800,35.1900,35.7600,1161000.0000,9296368668.6964
30304,Organon & Co.,OGN,2021-10-21,35.7500,35.1300,35.6600,35.3600,1100500.0000,9192383032.1104
30305,Organon & Co.,OGN,2021-10-22,35.7900,35.1100,35.3300,35.6600,765500.0000,9270372507.4724
30306,Organon & Co.,OGN,2021-10-25,36.9600,35.4100,35.4900,36.9100,1497900.0000,9595329481.2224
30307,Organon & Co.,OGN,2021-10-26,37.3400,36.5000,36.7800,36.7100,1598500.0000,9543336167.0844
30308,Organon & Co.,OGN,2021-10-27,36.7000,35.5150,36.7000,35.7200,1013500.0000,9285970799.2208
30309,Organon & Co.,OGN,2021-10-28,36.6800,35.6200,35.8600,36.5200,1282500.0000,9493943064.0828
30310,Organon & Co.,OGN,2021-10-29,37.2290,36.3800,36.4600,36.7500,1800000.0000,9553735028.2500
30311,Organon & Co.,OGN,2021-11-01,37.3100,36.4800,36.7000,37.1300,1108600.0000,9652522225.9432
30312,Organon & Co.,OGN,2021-11-02,37.3000,36.4000,37.2200,36.4900,1326000.0000,9486144414.0536
30313,Organon & Co.,OGN,2021-11-03,37.0200,36.2200,36.2200,36.8200,1549600.0000,9571932539.4448
30314,Organon & Co.,OGN,2021-11-04,37.1900,36.2000,36.8100,36.2600,1777200.0000,9426351458.1964
30315,Organon & Co.,OGN,2021-11-05,36.7200,35.5400,36.3800,36.2800,2381000.0000,9431550888.7792
30316,Organon & Co.,OGN,2021-11-08,37.3500,36.4100,36.5500,36.9900,3474500.0000,9616127203.5536
30317,Organon & Co.,OGN,2021-11-09,37.0000,36.4300,36.9500,36.6400,2567400.0000,9525138655.8896
30318,Organon & Co.,OGN,2021-11-10,37.3700,36.2320,36.5400,36.6300,4025500.0000,9522539436.4432
30319,Organon & Co.,OGN,2021-11-11,35.4350,32.7500,35.4100,34.7200,5810200.0000,9026005220.2208
30320,Organon & Co.,OGN,2021-11-12,34.7200,33.5200,34.6500,33.7000,2531700.0000,8760840210.6380
30321,Organon & Co.,OGN,2021-11-15,33.7500,33.0100,33.7000,33.3800,2553500.0000,8677651304.6932
30322,Organon & Co.,OGN,2021-11-16,33.7600,32.9000,33.3100,33.5400,2385400.0000,8719245757.6656
30323,Organon & Co.,OGN,2021-11-17,33.5300,32.6300,33.4500,32.9500,2008700.0000,8565866026.3880
30324,Organon & Co.,OGN,2021-11-18,32.9900,31.3390,32.9400,31.6000,2625800.0000,8214912395.5690
30325,Organon & Co.,OGN,2021-11-19,31.8200,30.8800,31.6100,31.2500,2631300.0000,8123924343.7500
30326,Organon & Co.,OGN,2021-11-22,31.9900,31.4500,31.4600,31.6400,2183200.0000,8225310760.8896
30327,Organon & Co.,OGN,2021-11-23,31.6900,30.9500,31.6900,31.2000,2008500.0000,8110926263.1380
30328,Organon & Co.,OGN,2021-11-24,31.6400,30.9600,31.2600,31.5400,1872700.0000,8199314599.6656
30329,Organon & Co.,OGN,2021-11-26,31.6000,30.7100,31.0600,31.1300,1287200.0000,8092728256.0982
30330,Organon & Co.,OGN,2021-11-29,31.0550,30.1300,31.0400,30.6200,2286900.0000,7960146247.1518
30331,Organon & Co.,OGN,2021-11-30,30.4900,29.0500,30.3900,29.2300,3273000.0000,7598793755.1672
30332,Organon & Co.,OGN,2021-12-01,29.9600,28.5700,29.5700,28.7300,2858600.0000,7468810965.6672
30333,Organon & Co.,OGN,2021-12-02,29.9700,28.7000,28.8900,29.6700,2700900.0000,7713178748.7638
30334,Organon & Co.,OGN,2021-12-03,29.7900,28.5000,29.6800,28.8300,2416100.0000,7494807622.7362
30335,Organon & Co.,OGN,2021-12-06,29.6700,28.8000,29.1000,29.3100,2134800.0000,7619590981.6534
30336,Organon & Co.,OGN,2021-12-07,29.6900,29.0800,29.5100,29.3100,2348900.0000,7619590981.6534
30337,Organon & Co.,OGN,2021-12-08,29.4800,28.7500,29.3800,29.3300,2155600.0000,7624790412.2362
30338,Organon & Co.,OGN,2021-12-09,29.5400,28.6000,29.4300,28.6700,2045900.0000,7453213169.7638
30339,Organon & Co.,OGN,2021-12-10,29.1900,28.5500,28.7600,28.7400,2252800.0000,7471410680.9586
30340,Organon & Co.,OGN,2021-12-13,29.3800,28.6500,28.8800,28.8700,2693200.0000,7505206483.9018
30341,Organon & Co.,OGN,2021-12-14,29.4900,28.6100,28.9300,28.8500,3676900.0000,7500007053.3190
30342,Organon & Co.,OGN,2021-12-15,29.4500,28.7700,28.9100,29.3300,2113200.0000,7624790412.2362
30343,Organon & Co.,OGN,2021-12-16,30.9700,29.4800,29.7100,30.3300,2527800.0000,7884755991.2362
30344,Organon & Co.,OGN,2021-12-17,30.4900,29.6200,30.3500,30.1900,4749400.0000,7848360968.8466
30345,Organon & Co.,OGN,2021-12-20,30.1800,28.9900,30.0000,29.3600,1855500.0000,7632589558.1104
30346,Organon & Co.,OGN,2021-12-21,30.0600,29.2500,29.3000,29.7900,1555300.0000,7744374836.4156
30347,Organon & Co.,OGN,2021-12-22,30.0600,29.5300,29.9100,30.0100,1160000.0000,7801567085.2914
30348,Organon & Co.,OGN,2021-12-23,30.3800,29.9000,30.0000,30.2200,957700.0000,7856159618.8758
30349,Organon & Co.,OGN,2021-12-27,30.2800,29.8270,30.1700,30.0900,1250100.0000,7822364311.7776
30350,Organon & Co.,OGN,2021-12-28,30.2300,29.8500,29.9300,29.8900,1256700.0000,7770370997.6396
30351,Organon & Co.,OGN,2021-12-29,29.9800,29.6300,29.8800,29.8200,1309100.0000,7752173486.4448
30352,Organon & Co.,OGN,2021-12-30,30.8000,29.9400,29.9400,30.7300,1385100.0000,7988742123.6672
30353,Organon & Co.,OGN,2021-12-31,30.7700,30.4000,30.5750,30.4500,1018800.0000,7915952078.8880
30354,Organon & Co.,OGN,2022-01-03,31.1800,30.2850,30.5700,31.1600,1331900.0000,8100527401.9724
30355,Organon & Co.,OGN,2022-01-04,31.6350,30.7400,31.2150,31.5200,1641700.0000,8194115169.0828
30356,Organon & Co.,OGN,2022-01-05,32.0000,31.0500,31.6200,31.1000,1979300.0000,8084929606.0690
30357,Organon & Co.,OGN,2022-01-06,31.8900,30.4100,31.0500,31.5100,2012000.0000,8191515453.7914
30358,Organon & Co.,OGN,2022-01-07,32.4700,31.5200,31.5200,32.4100,1350800.0000,8425484375.7224
30359,Organon & Co.,OGN,2022-01-10,32.5400,31.6900,31.9900,32.2100,2822500.0000,8373491061.5844
30360,Organon & Co.,OGN,2022-01-11,32.7900,32.0200,32.3000,32.7500,2090100.0000,8513872712.2500
30361,Organon & Co.,OGN,2022-01-12,32.9000,32.2600,32.8600,32.6100,1569800.0000,8477477689.8604
30362,Organon & Co.,OGN,2022-01-13,33.1800,32.3000,32.3900,32.9000,1578600.0000,8552867945.7760
30363,Organon & Co.,OGN,2022-01-14,33.3400,32.2900,32.8500,32.8600,1771100.0000,8542469084.6104
30364,Organon & Co.,OGN,2022-01-18,33.0700,31.4000,32.6650,32.0700,1900400.0000,8337096039.1948
30365,Organon & Co.,OGN,2022-01-19,32.7300,32.0000,32.0300,32.2400,1992500.0000,8381290703.3036
30366,Organon & Co.,OGN,2022-01-20,32.7100,31.7800,32.2100,31.8200,1740200.0000,8272104644.4448
30367,Organon & Co.,OGN,2022-01-21,31.7700,30.6550,31.7500,30.9700,1900600.0000,8051133803.1258
30368,Organon & Co.,OGN,2022-01-24,30.6300,28.9420,30.3200,30.4500,2614600.0000,7915952078.8880
30369,Organon & Co.,OGN,2022-01-25,31.0020,29.6300,29.9300,30.7100,1955200.0000,7983542693.0844
30370,Organon & Co.,OGN,2022-01-26,31.4900,30.3250,30.8500,30.7300,1374900.0000,7988742123.6672
30371,Organon & Co.,OGN,2022-01-27,31.6400,30.4800,31.1000,30.7000,1939100.0000,7980943473.6380
30372,Organon & Co.,OGN,2022-01-28,31.4700,30.4100,30.4600,31.4500,1680900.0000,8175917657.8880
30373,Organon & Co.,OGN,2022-01-31,32.1000,31.2000,31.2000,31.9100,4413700.0000,8295501586.2224
30374,Organon & Co.,OGN,2022-02-01,33.0200,32.0100,32.1800,32.9900,1846600.0000,8576264887.5536
30375,Organon & Co.,OGN,2022-02-02,33.4790,32.6600,33.0800,33.3300,1693700.0000,8664653224.0812
30376,Organon & Co.,OGN,2022-02-03,33.5600,32.6700,32.9200,32.9200,1663700.0000,8558066384.6688
30377,Organon & Co.,OGN,2022-02-04,33.4700,32.6900,32.6900,33.1200,1627400.0000,8610059698.8068
30378,Organon & Co.,OGN,2022-02-07,33.7500,33.0300,33.3000,33.5200,1090100.0000,8714046327.0828
30379,Organon & Co.,OGN,2022-02-08,33.9500,33.0550,33.4200,33.7500,1635500.0000,8773838291.2500
30380,Organon & Co.,OGN,2022-02-09,34.6700,33.8000,33.9200,34.5900,1557700.0000,8992209417.2776
30381,Organon & Co.,OGN,2022-02-10,35.0800,34.2700,34.2700,34.4500,1329400.0000,8955814394.8880
30382,Organon & Co.,OGN,2022-02-11,35.3400,34.4000,34.4000,34.7200,1474500.0000,9026005220.2208
30383,Organon & Co.,OGN,2022-02-14,34.8300,34.2200,34.7000,34.3800,1782300.0000,8937616883.6932
30384,Organon & Co.,OGN,2022-02-15,35.3090,34.8000,34.8000,35.2200,1931800.0000,9155988009.7208
30385,Organon & Co.,OGN,2022-02-16,36.4900,35.2200,35.3000,36.3400,3114100.0000,9447149180.5276
30386,Organon & Co.,OGN,2022-02-17,36.9400,34.8900,35.3900,36.3700,4587400.0000,9454947830.5568
30387,Organon & Co.,OGN,2022-02-18,37.1800,35.8200,36.4600,36.0900,3145100.0000,9382157785.7776
30388,Organon & Co.,OGN,2022-02-22,36.6100,35.8400,36.1000,35.9800,2219900.0000,9353561413.4172
30389,Organon & Co.,OGN,2022-02-23,36.2800,35.4450,35.9000,35.5000,2244400.0000,9228778054.5000
30390,Organon & Co.,OGN,2022-02-24,36.1300,34.4600,34.7500,36.0300,2440000.0000,9366559494.0292
30391,Organon & Co.,OGN,2022-02-25,37.7600,35.5100,35.6850,37.5700,3494900.0000,9766906723.6948
30392,Organon & Co.,OGN,2022-02-28,37.7900,36.4000,36.5400,37.3300,2846700.0000,9704515540.0812
30393,Organon & Co.,OGN,2022-03-01,37.8600,37.0000,37.2700,37.4600,3675000.0000,9738310351.3344
30394,Organon & Co.,OGN,2022-03-02,39.4750,37.4450,37.5200,39.3600,3434400.0000,10232245348.1104
30395,Organon & Co.,OGN,2022-03-03,39.2100,38.3200,39.1300,39.0200,1353300.0000,10143857011.5828
30396,Organon & Co.,OGN,2022-03-04,38.8700,37.6000,38.3900,38.8200,2890000.0000,10091863697.4448
30397,Organon & Co.,OGN,2022-03-07,39.2050,37.8100,38.5800,38.4200,2688800.0000,9987877069.1688
30398,Organon & Co.,OGN,2022-03-08,38.6000,36.6300,38.3200,36.6500,2529600.0000,9527738867.0260
30399,Organon & Co.,OGN,2022-03-09,37.4400,36.4000,36.8700,36.4600,1789900.0000,9478344772.3344
30400,Organon & Co.,OGN,2022-03-10,36.4200,35.6700,36.2700,35.9800,1954000.0000,9353561413.4172
30401,Organon & Co.,OGN,2022-03-11,36.6200,35.7900,36.2100,35.8300,1488400.0000,9314567171.5812
30402,Organon & Co.,OGN,2022-03-14,35.6200,31.5700,35.3400,32.3600,7855500.0000,8412486295.1104
30403,Organon & Co.,OGN,2022-03-15,32.6600,31.6900,32.2900,32.2900,3654900.0000,8394288783.9156
30404,Organon & Co.,OGN,2022-03-16,32.9500,31.8500,32.7600,32.9000,2962300.0000,8552867945.7760
30405,Organon & Co.,OGN,2022-03-17,34.3800,32.5300,33.0500,34.3400,2682600.0000,8927218022.5276
30406,Organon & Co.,OGN,2022-03-18,35.1900,34.1400,34.2200,35.0800,9038400.0000,9119592987.3312
30407,Organon & Co.,OGN,2022-03-21,35.9900,34.6500,35.5100,34.7700,1670100.0000,9039003300.8328
30408,Organon & Co.,OGN,2022-03-22,35.6500,34.5600,35.0000,35.3500,1312000.0000,9189782820.9740
30409,Organon & Co.,OGN,2022-03-23,35.6850,35.0000,35.4300,35.3400,1583600.0000,9187183601.5276
30410,Organon & Co.,OGN,2022-03-24,35.4500,34.7600,35.2800,35.3000,1306800.0000,9176784740.3620
30411,Organon & Co.,OGN,2022-03-25,35.7250,34.7900,35.4500,34.9900,1060000.0000,9096196045.5536
30412,Organon & Co.,OGN,2022-03-28,35.2000,34.6800,34.9200,35.1700,1445200.0000,9142988937.4188
30413,Organon & Co.,OGN,2022-03-29,35.7500,35.0700,35.3600,35.3200,1038100.0000,9181984170.9448
30414,Organon & Co.,OGN,2022-03-30,36.3900,35.2700,35.3800,35.8100,1645300.0000,9309367740.9984
30415,Organon & Co.,OGN,2022-03-31,36.1000,34.9200,35.5300,34.9300,1637800.0000,9080597753.8052
30416,Organon & Co.,OGN,2022-04-01,35.6150,34.8700,35.2200,35.1500,1610700.0000,9137790498.5260
30417,Organon & Co.,OGN,2022-04-04,35.0800,34.4610,34.8500,34.7200,1471600.0000,9026005220.2208
30418,Organon & Co.,OGN,2022-04-05,35.8500,34.7700,34.7700,35.4000,2060300.0000,9202781893.2760
30419,Organon & Co.,OGN,2022-04-06,36.4500,35.1100,35.5600,36.2000,1893900.0000,9410754158.1380
30420,Organon & Co.,OGN,2022-04-07,36.6200,35.9900,36.1100,36.2000,2386300.0000,9410754158.1380
30421,Organon & Co.,OGN,2022-04-08,36.3500,35.7800,36.1700,35.8700,3120700.0000,9324965041.0568
30422,Organon & Co.,OGN,2022-04-11,36.1800,35.0700,35.9900,35.1800,1480100.0000,9145589148.5552
30423,Organon & Co.,OGN,2022-04-12,35.6800,34.9100,35.1800,34.9900,1184400.0000,9096196045.5536
30424,Organon & Co.,OGN,2022-04-13,35.3000,34.6400,35.1200,34.9800,935400.0000,9093595834.4172
30425,Organon & Co.,OGN,2022-04-14,35.3200,34.4650,35.0100,34.9000,1516100.0000,9072799103.7760
30426,Organon & Co.,OGN,2022-04-18,34.8300,33.2200,34.7700,33.3800,1170900.0000,8677651304.6932
30427,Organon & Co.,OGN,2022-04-19,34.0840,33.4000,33.5100,33.9500,1073000.0000,8825831605.3880
30428,Organon & Co.,OGN,2022-04-20,33.7800,33.3000,33.7500,33.3500,852300.0000,8669851662.9740
30429,Organon & Co.,OGN,2022-04-21,33.6300,32.6800,33.4600,32.7700,1310600.0000,8519072142.8328
30430,Organon & Co.,OGN,2022-04-22,32.6600,32.0600,32.6600,32.2600,1242900.0000,8386489142.1964
30431,Organon & Co.,OGN,2022-04-25,32.6900,31.4850,32.0000,32.5100,1189300.0000,8451480536.9464
30432,Organon & Co.,OGN,2022-04-26,32.5700,31.6200,32.2400,31.6600,1008900.0000,8230510191.4724
30433,Organon & Co.,OGN,2022-04-27,32.6800,31.7200,31.9900,32.4200,1204400.0000,8428083595.1688
30434,Organon & Co.,OGN,2022-04-28,33.2000,32.2100,32.7000,33.0000,1508100.0000,8578864107.0000
30435,Organon & Co.,OGN,2022-04-29,33.3250,32.2500,32.8800,32.3300,2811400.0000,8404687645.0812
30436,Organon & Co.,OGN,2022-05-02,33.1100,31.6350,32.5000,32.0800,2473800.0000,8339696250.3312
30437,Organon & Co.,OGN,2022-05-03,32.5800,31.9100,32.0400,32.4400,1965300.0000,8433283025.7516
30438,Organon & Co.,OGN,2022-05-04,33.2900,31.9400,32.5200,33.1900,1409200.0000,8628257210.0016
30439,Organon & Co.,OGN,2022-05-05,35.2100,33.1500,33.1900,34.8700,3414900.0000,9064999462.0568
30440,Organon & Co.,OGN,2022-05-06,35.0200,33.1200,34.3300,34.7700,2448900.0000,9039003300.8328
30441,Organon & Co.,OGN,2022-05-09,35.2400,34.1000,34.2400,34.7200,2429900.0000,9026005220.2208
30442,Organon & Co.,OGN,2022-05-10,34.9500,33.9400,34.2100,34.7600,1895700.0000,9036403089.6964
30443,Organon & Co.,OGN,2022-05-11,35.2800,33.2300,34.6500,33.3500,2046700.0000,8669851662.9740
30444,Organon & Co.,OGN,2022-05-12,34.6500,33.3900,33.3900,34.6300,1322700.0000,9002608278.4432
30445,Organon & Co.,OGN,2022-05-13,35.2300,34.1950,34.5900,34.9400,1145800.0000,9083196973.2516
30446,Organon & Co.,OGN,2022-05-16,35.6200,34.6100,34.7400,35.4300,1071900.0000,9210580543.3052
30447,Organon & Co.,OGN,2022-05-17,36.8700,35.4800,35.7600,36.7300,1441400.0000,9548535597.6672
30448,Organon & Co.,OGN,2022-05-18,37.3600,35.8250,36.4400,35.9600,1651600.0000,9348361982.8344
30449,Organon & Co.,OGN,2022-05-19,36.6600,35.2800,35.5000,36.5700,1430600.0000,9506941144.6948
30450,Organon & Co.,OGN,2022-05-20,37.7000,36.4500,36.8900,37.6400,1926800.0000,9785104234.8896
30451,Organon & Co.,OGN,2022-05-23,37.9560,36.9300,37.7800,37.5300,1141600.0000,9756507862.5292
30452,Organon & Co.,OGN,2022-05-24,37.6400,36.9140,37.4600,37.5200,1165300.0000,9753908643.0828
30453,Organon & Co.,OGN,2022-05-25,38.3500,37.3800,37.4500,38.1000,1213100.0000,9904688163.2240
30454,Organon & Co.,OGN,2022-05-26,39.0900,37.9500,38.3500,38.5600,1160600.0000,10024273083.2484
30455,Organon & Co.,OGN,2022-05-27,38.9500,38.2850,38.5000,38.9000,1182200.0000,10112661419.7760
30456,Organon & Co.,OGN,2022-05-31,38.6100,37.5900,38.4000,37.9600,2201600.0000,9868293140.8344
30457,Organon & Co.,OGN,2022-06-01,38.3100,37.0000,38.0800,37.7500,1172800.0000,9813700607.2500
30458,Organon & Co.,OGN,2022-06-02,37.9100,36.5250,37.9100,37.3300,1409100.0000,9704515540.0812
30459,Organon & Co.,OGN,2022-06-03,37.3600,36.8600,37.2300,37.1800,777300.0000,9665520306.5552
30460,Organon & Co.,OGN,2022-06-06,37.7100,37.3000,37.3500,37.4700,905600.0000,9740910562.4708
30461,Organon & Co.,OGN,2022-06-07,37.8600,37.3100,37.4700,37.8100,1106300.0000,9829298898.9984
30462,Organon & Co.,OGN,2022-06-08,38.0900,37.4400,37.7800,37.6100,816500.0000,9777305584.8604
30463,Organon & Co.,OGN,2022-06-09,37.6100,36.3800,37.6100,36.3900,868300.0000,9460147261.1396
30464,Organon & Co.,OGN,2022-06-10,36.0150,35.2350,35.9500,35.4600,1161500.0000,9218379193.3344
30465,Organon & Co.,OGN,2022-06-13,34.8800,33.6600,34.8800,34.2000,1280100.0000,8890823000.1380
30466,Organon & Co.,OGN,2022-06-14,34.1700,32.8500,34.1700,33.1300,1926500.0000,8612659909.9432
30467,Organon & Co.,OGN,2022-06-15,33.9100,32.7600,33.1700,33.5900,1694700.0000,8732243838.2776
30468,Organon & Co.,OGN,2022-06-16,33.0600,32.4700,32.8300,32.8100,1660300.0000,8529471003.9984
30469,Organon & Co.,OGN,2022-06-17,33.4600,32.4200,32.9100,33.1700,4224400.0000,8623057779.4188
30470,Organon & Co.,OGN,2022-06-21,33.6500,32.7800,33.5900,32.8800,1883700.0000,8547668515.1932
30471,Organon & Co.,OGN,2022-06-22,33.8700,32.6400,32.6400,33.5900,1381800.0000,8732243838.2776
30472,Organon & Co.,OGN,2022-06-23,35.1400,33.6600,33.7900,34.9200,1481700.0000,9077997542.6688
30473,Organon & Co.,OGN,2022-06-24,36.0800,35.1000,35.4000,35.8600,1812100.0000,9322365821.6104
30474,Organon & Co.,OGN,2022-06-27,35.9800,35.3450,35.7400,35.4300,858900.0000,9210580543.3052
30475,Organon & Co.,OGN,2022-06-28,35.5950,34.6600,35.4800,34.7900,865800.0000,9044202731.4156
30476,Organon & Co.,OGN,2022-06-29,35.0500,34.4250,35.0500,34.5700,816300.0000,8987009986.6948
30477,Organon & Co.,OGN,2022-06-30,34.5700,33.5800,34.3100,33.7500,1359200.0000,8773838291.2500
30478,Organon & Co.,OGN,2022-07-01,34.2700,33.3900,33.9200,34.2500,1018400.0000,8903821080.7500
30479,Organon & Co.,OGN,2022-07-05,34.2900,33.2000,33.8300,34.2000,1338300.0000,8890823000.1380
30480,Organon & Co.,OGN,2022-07-06,34.2300,32.9100,34.0400,33.2900,1601300.0000,8654254362.9156
30481,Organon & Co.,OGN,2022-07-07,33.8300,32.9100,33.3100,33.0500,2274500.0000,8591862187.6120
30482,Organon & Co.,OGN,2022-07-08,33.2900,32.5000,32.8700,32.7500,1217000.0000,8513872712.2500
30483,Organon & Co.,OGN,2022-07-11,33.0500,32.5500,32.6000,32.7000,945600.0000,8500874631.6380
30484,Organon & Co.,OGN,2022-07-12,33.0400,32.3900,32.5400,32.8600,1679500.0000,8542469084.6104
30485,Organon & Co.,OGN,2022-07-13,32.7000,31.9600,32.5300,32.2800,1595400.0000,8391688572.7792
30486,Organon & Co.,OGN,2022-07-14,32.2600,31.4500,32.0800,31.8500,1486500.0000,8279903790.3190
30487,Organon & Co.,OGN,2022-07-15,32.2250,31.4400,32.1800,31.9700,1336700.0000,8311099382.1258
30488,Organon & Co.,OGN,2022-07-18,32.2200,31.0600,32.0500,31.2000,1614800.0000,8110926263.1380
30489,Organon & Co.,OGN,2022-07-19,31.9200,31.3000,31.4000,31.5700,1217500.0000,8207113249.6948
30490,Organon & Co.,OGN,2022-07-20,31.9000,31.2300,31.5500,31.6600,1278500.0000,8230510191.4724
30491,Organon & Co.,OGN,2022-07-21,31.7750,31.2000,31.5600,31.7600,1015800.0000,8256506848.5414
30492,Organon & Co.,OGN,2022-07-22,31.9800,31.6300,31.9000,31.9600,897700.0000,8308499666.8344
30493,Organon & Co.,OGN,2022-07-25,32.9400,32.0000,32.0000,32.8000,1624300.0000,8526870792.8620
30494,Organon & Co.,OGN,2022-07-26,33.2000,32.8000,32.8000,32.9000,1202500.0000,8552867945.7760
30495,Organon & Co.,OGN,2022-07-27,32.8400,32.1200,32.7900,32.6400,1217300.0000,8485276339.8896
30496,Organon & Co.,OGN,2022-07-28,32.7000,31.9700,32.7000,32.4500,1153400.0000,8435883236.8880
30497,Organon & Co.,OGN,2022-07-29,32.6400,31.5100,32.5700,31.7200,2896600.0000,8246107987.3758
30498,Organon & Co.,OGN,2022-08-01,32.1900,31.3900,31.5600,31.8300,1715300.0000,8274704359.7362
30499,Organon & Co.,OGN,2022-08-02,32.3500,31.5500,31.7700,31.7700,1028100.0000,8259106563.8328
30500,Organon & Co.,OGN,2022-08-03,32.6750,31.7000,31.8200,32.5700,1895800.0000,8467078828.6948
30501,Organon & Co.,OGN,2022-08-04,33.0500,31.3900,32.5700,32.4100,2145800.0000,8425484375.7224
30502,Organon & Co.,OGN,2022-08-05,32.0100,31.1600,31.9200,31.5000,2755300.0000,8188915738.5000
30503,Organon & Co.,OGN,2022-08-08,31.7300,31.1900,31.5400,31.5400,1913800.0000,8199314599.6656
30504,Organon & Co.,OGN,2022-08-09,31.6300,31.2500,31.5400,31.3900,879600.0000,8160319366.1396
30505,Organon & Co.,OGN,2022-08-10,31.6000,31.3250,31.4800,31.5200,2546200.0000,8194115169.0828
30506,Organon & Co.,OGN,2022-08-11,32.3100,31.3600,31.3900,31.6900,2021800.0000,8238309337.3466
30507,Organon & Co.,OGN,2022-08-12,31.6200,30.7800,31.6200,30.9900,2161700.0000,8056333233.7086
30508,Organon & Co.,OGN,2022-08-15,31.1400,30.7500,30.9100,31.0100,1145800.0000,8061532664.2914
30509,Organon & Co.,OGN,2022-08-16,31.3500,30.8000,30.9900,31.1800,977200.0000,8105726832.5552
30510,Organon & Co.,OGN,2022-08-17,31.1300,30.6100,31.0200,30.8700,1114500.0000,8025137641.9018
30511,Organon & Co.,OGN,2022-08-18,30.9300,30.4900,30.9000,30.7300,1148300.0000,7988742123.6672
30512,Organon & Co.,OGN,2022-08-19,30.9800,30.6050,30.7300,30.6600,1311900.0000,7970544612.4724
30513,Organon & Co.,OGN,2022-08-22,30.8200,30.1800,30.6000,30.3700,1225800.0000,7895154852.4018
30514,Organon & Co.,OGN,2022-08-23,30.3100,29.7250,30.2600,29.9200,2520800.0000,7778170143.5138
30515,Organon & Co.,OGN,2022-08-24,30.4700,29.5900,29.8800,30.0600,1280100.0000,7814565165.9034
30516,Organon & Co.,OGN,2022-08-25,30.3550,29.9100,30.1300,30.3400,1113000.0000,7887355706.5276
30517,Organon & Co.,OGN,2022-08-26,30.4500,29.6600,30.4000,29.6900,1413600.0000,7718378179.3466
30518,Organon & Co.,OGN,2022-08-29,29.6300,29.2100,29.5500,29.3500,1164200.0000,7629989842.8190
30519,Organon & Co.,OGN,2022-08-30,29.4800,28.5800,29.3800,28.6600,1306400.0000,7450613454.4724
30520,Organon & Co.,OGN,2022-08-31,28.9700,28.3200,28.7800,28.5300,1792600.0000,7416818147.3742
30521,Organon & Co.,OGN,2022-09-01,28.8240,28.3300,28.4600,28.8100,1332100.0000,7489608192.1534
30522,Organon & Co.,OGN,2022-09-02,29.1200,28.3900,28.7700,28.5000,1398200.0000,7409019001.5000
30523,Organon & Co.,OGN,2022-09-06,29.6500,28.6900,28.8500,28.7100,1726800.0000,7463611535.0844
30524,Organon & Co.,OGN,2022-09-07,29.1200,28.2250,28.7700,28.9600,1740400.0000,7528602929.8344
30525,Organon & Co.,OGN,2022-09-08,29.4900,28.8250,28.8700,29.3600,1106400.0000,7632589558.1104
30526,Organon & Co.,OGN,2022-09-09,29.9500,29.3200,29.3700,29.8300,1371900.0000,7754773201.7362
30527,Organon & Co.,OGN,2022-09-12,30.2700,29.3200,29.9200,29.7100,1426000.0000,7723577114.0844
30528,Organon & Co.,OGN,2022-09-13,29.4000,28.5600,29.2400,28.7300,1260700.0000,7468810965.6672
30529,Organon & Co.,OGN,2022-09-14,28.9300,28.1800,28.8900,28.6200,1647300.0000,7440215089.1518
30530,Organon & Co.,OGN,2022-09-15,29.1200,28.5400,28.7800,28.7500,1501600.0000,7474010396.2500
30531,Organon & Co.,OGN,2022-09-16,28.9500,28.4110,28.6200,28.6100,5940200.0000,7437615373.8604
30532,Organon & Co.,OGN,2022-09-19,28.6200,27.5350,28.5100,28.3000,1875400.0000,7357025687.3620
30533,Organon & Co.,OGN,2022-09-20,28.1100,27.2400,28.0100,27.3000,1435700.0000,7097060108.3620
30534,Organon & Co.,OGN,2022-09-21,27.6400,26.7900,27.3500,26.8000,1135000.0000,6967077318.8620
30535,Organon & Co.,OGN,2022-09-22,26.7500,26.2000,26.6600,26.2900,1475800.0000,6834495309.9156
30536,Organon & Co.,OGN,2022-09-23,26.2500,25.3100,26.0500,25.7500,1831900.0000,6694113659.2500
30537,Organon & Co.,OGN,2022-09-26,25.8300,25.0600,25.5200,25.1500,1489300.0000,6538134212.6810
30538,Organon & Co.,OGN,2022-09-27,25.3500,24.2150,25.2800,24.2600,2800200.0000,6306765006.0414
30539,Organon & Co.,OGN,2022-09-28,24.6900,24.1600,24.4800,24.5100,2162300.0000,6371756400.7914
30540,Organon & Co.,OGN,2022-09-29,24.3800,23.3800,24.2700,23.5500,2305200.0000,6122189187.1120
30541,Organon & Co.,OGN,2022-09-30,24.1600,23.3300,23.6900,23.4000,2182500.0000,6083194449.4310
30542,Organon & Co.,OGN,2022-10-03,24.2700,23.3400,23.6600,24.0700,2385200.0000,6257371407.1948
30543,Organon & Co.,OGN,2022-10-04,25.8200,24.3800,24.3800,25.7100,3136900.0000,6683714798.0844
30544,Organon & Co.,OGN,2022-10-05,25.8400,25.2200,25.4600,25.6300,1846800.0000,6662917571.5982
30545,Organon & Co.,OGN,2022-10-06,25.5550,24.7100,25.4400,24.7600,1309400.0000,6436747795.5414
30546,Organon & Co.,OGN,2022-10-07,24.7400,23.9300,24.6500,24.0100,1335100.0000,6241773611.2914
30547,Organon & Co.,OGN,2022-10-10,24.4000,23.6500,24.1100,23.6700,1304800.0000,6153385274.7638
30548,Organon & Co.,OGN,2022-10-11,23.8100,23.1620,23.6500,23.5000,4042300.0000,6109191106.5000
30549,Organon & Co.,OGN,2022-10-12,23.8750,23.1800,23.3900,23.6500,1648800.0000,6148185844.1810
30550,Organon & Co.,OGN,2022-10-13,24.2700,23.0300,23.2400,24.0300,1627700.0000,6246973041.8742
30551,Organon & Co.,OGN,2022-10-14,23.5000,22.8800,23.2200,23.3100,2336900.0000,6059797507.6534
30552,Organon & Co.,OGN,2022-10-17,23.9800,23.5630,23.6300,23.8100,1840700.0000,6189780297.1534
30553,Organon & Co.,OGN,2022-10-18,24.7500,24.0100,24.1900,24.1700,2353800.0000,6283368064.2638
30554,Organon & Co.,OGN,2022-10-19,24.2800,23.7800,24.0700,23.8000,1813900.0000,6187180581.8620
30555,Organon & Co.,OGN,2022-10-20,23.7500,23.3800,23.6900,23.5600,1121300.0000,6124788902.4034
30556,Organon & Co.,OGN,2022-10-21,23.8100,23.1400,23.6300,23.6800,2775900.0000,6155984990.0552
30557,Organon & Co.,OGN,2022-10-24,24.1450,23.5000,23.8900,24.0400,1274800.0000,6249572757.1656
30558,Organon & Co.,OGN,2022-10-25,24.9500,23.9500,24.0300,24.7300,2353300.0000,6428948649.6672
30559,Organon & Co.,OGN,2022-10-26,25.4800,24.7600,24.8000,25.2900,1304700.0000,6574529730.9156
30560,Organon & Co.,OGN,2022-10-27,26.1000,25.2600,25.4500,25.9500,2395100.0000,6746106973.3880
30561,Organon & Co.,OGN,2022-10-28,26.2250,25.8600,25.9600,26.1800,1527500.0000,6805898937.5552
30562,Organon & Co.,OGN,2022-10-31,26.5300,25.9000,26.0500,26.1800,2227100.0000,6805898937.5552
30563,Organon & Co.,OGN,2022-11-01,26.6150,26.0600,26.4500,26.3900,1606900.0000,6860491471.1396
30564,Organon & Co.,OGN,2022-11-02,26.6350,25.8800,26.4900,25.9300,2028900.0000,6740907542.8052
30565,Organon & Co.,OGN,2022-11-03,27.5100,25.5200,27.2500,25.8800,3033300.0000,6727908966.3482
30566,Organon & Co.,OGN,2022-11-04,25.9450,23.7400,25.8800,24.3500,3447400.0000,6330161947.8190
30567,Organon & Co.,OGN,2022-11-07,24.8000,23.7600,24.3800,24.0000,2658900.0000,6239173896.0000
30568,Organon & Co.,OGN,2022-11-08,24.4300,23.3400,24.0100,23.5600,3100800.0000,6124788902.4034
30569,Organon & Co.,OGN,2022-11-09,24.3600,23.6200,23.6400,23.8500,2515800.0000,6200179158.3190
30570,Organon & Co.,OGN,2022-11-10,24.9200,24.0900,24.1800,24.7100,2559100.0000,6423749219.0844
30571,Organon & Co.,OGN,2022-11-11,25.4700,24.1900,24.5900,25.3100,2931700.0000,6579728665.6534
30572,Organon & Co.,OGN,2022-11-14,25.4000,24.7700,25.2600,24.7800,1870600.0000,6441947226.1242
30573,Organon & Co.,OGN,2022-11-15,25.4310,24.6900,25.0400,24.8800,1605600.0000,6467943387.3482
30574,Organon & Co.,OGN,2022-11-16,24.9800,24.2750,24.8000,24.3900,1357600.0000,6340560313.1396
30575,Organon & Co.,OGN,2022-11-17,24.1900,23.7600,24.0500,23.9200,1783400.0000,6218376669.5138
30576,Organon & Co.,OGN,2022-11-18,24.5800,24.0950,24.2700,24.4000,2175700.0000,6343160028.4310
30577,Organon & Co.,OGN,2022-11-21,24.7750,24.2400,24.4200,24.7200,1123800.0000,6426348934.3758
30578,Organon & Co.,OGN,2022-11-22,25.0500,24.6900,24.6900,24.8300,1409800.0000,6454945306.7362
30579,Organon & Co.,OGN,2022-11-23,24.9050,24.6250,24.7900,24.8100,867600.0000,6449745876.1534
30580,Organon & Co.,OGN,2022-11-25,25.1100,24.7510,24.8000,25.1100,641400.0000,6527735847.3604
30581,Organon & Co.,OGN,2022-11-28,25.0400,24.4950,24.8500,24.6600,1530700.0000,6410751138.4724
30582,Organon & Co.,OGN,2022-11-29,25.0000,24.4000,24.7100,24.9400,2374300.0000,6483541679.0966
30583,Organon & Co.,OGN,2022-11-30,26.0500,24.7400,24.9800,26.0200,2422700.0000,6764304484.5828
30584,Organon & Co.,OGN,2022-12-01,26.8500,26.1100,26.1900,26.4200,1774300.0000,6868290617.0138
30585,Organon & Co.,OGN,2022-12-02,26.7200,26.0300,26.1200,26.7200,1236100.0000,6946280092.3758
30586,Organon & Co.,OGN,2022-12-05,26.8000,26.1600,26.5500,26.3500,1102300.0000,6850093105.8190
30587,Organon & Co.,OGN,2022-12-06,26.5600,25.7300,26.3400,26.1500,1668200.0000,6798099791.6810
30588,Organon & Co.,OGN,2022-12-07,26.3800,25.7850,26.1500,26.0800,1402600.0000,6779902280.4862
30589,Organon & Co.,OGN,2022-12-08,26.9050,26.1820,26.2400,26.8600,2082300.0000,6982675610.6104
30590,Organon & Co.,OGN,2022-12-09,27.4000,26.8000,26.8800,27.0500,2096900.0000,7032068713.6120
30591,Organon & Co.,OGN,2022-12-12,27.6900,26.9300,27.2200,27.5800,3249500.0000,7169850648.9862
30592,Organon & Co.,OGN,2022-12-13,28.4100,27.9100,28.0000,28.2000,3037200.0000,7331029526.1380
30593,Organon & Co.,OGN,2022-12-14,28.7100,28.0900,28.1900,28.6200,2413000.0000,7440215089.1518
30594,Organon & Co.,OGN,2022-12-15,28.6500,28.1400,28.4300,28.2800,2380500.0000,7351826752.6242
30595,Organon & Co.,OGN,2022-12-16,28.3400,27.3200,28.1700,27.4400,6891000.0000,7133455626.5966
30596,Organon & Co.,OGN,2022-12-19,27.4800,26.9000,27.2300,27.4300,2501200.0000,7130855911.3052
30597,Organon & Co.,OGN,2022-12-20,27.5550,27.0800,27.3300,27.4500,1303500.0000,7136055341.8880
30598,Organon & Co.,OGN,2022-12-21,28.0450,27.6000,27.6300,27.7900,1219300.0000,7224443678.4156
30599,Organon & Co.,OGN,2022-12-22,27.7700,27.2350,27.6300,27.6400,1026400.0000,7185448444.8896
30600,Organon & Co.,OGN,2022-12-23,27.9670,27.5400,27.6400,27.9300,966900.0000,7260838700.8052
30601,Organon & Co.,OGN,2022-12-27,28.0650,27.5900,27.9300,27.9400,1235300.0000,7263438416.0966
30602,Organon & Co.,OGN,2022-12-28,28.0750,27.5900,27.9300,27.6500,1512000.0000,7188048160.1810
30603,Organon & Co.,OGN,2022-12-29,28.4200,27.8000,27.8100,28.1800,2031000.0000,7325830095.5552
30604,Organon & Co.,OGN,2022-12-30,28.0700,27.6700,28.0400,27.9300,1721900.0000,7260838700.8052
30605,Organon & Co.,OGN,2023-01-03,28.4300,27.8600,27.9000,28.0700,1688300.0000,7297233723.1948
30606,Organon & Co.,OGN,2023-01-04,29.1500,28.1300,28.2100,28.9400,2300100.0000,7523403995.0966
30607,Organon & Co.,OGN,2023-01-05,28.8400,27.9300,28.6200,28.8400,1873600.0000,7497407338.0276
30608,Organon & Co.,OGN,2023-01-06,29.4600,28.7500,29.1400,29.1500,1821900.0000,7577996528.6810
30609,Organon & Co.,OGN,2023-01-09,30.0400,29.0700,29.1400,29.5800,1696900.0000,7689781806.9862
30610,Organon & Co.,OGN,2023-01-10,30.2750,29.3700,29.6900,30.1200,2057400.0000,7830163457.6518
30611,Organon & Co.,OGN,2023-01-11,30.7000,29.9400,30.3000,30.6400,2244500.0000,7965345181.8896
30612,Organon & Co.,OGN,2023-01-12,31.4850,30.5900,30.6900,31.3800,2715400.0000,8157719650.8482
30613,Organon & Co.,OGN,2023-01-13,32.1200,31.3850,31.4300,32.0600,2578300.0000,8334496819.7484
30614,Organon & Co.,OGN,2023-01-17,32.3000,31.8000,32.1300,32.0800,2744300.0000,8339696250.3312
30615,Organon & Co.,OGN,2023-01-18,32.4300,31.8500,32.2600,31.9400,2385500.0000,8303300732.0966
30616,Organon & Co.,OGN,2023-01-19,31.8400,31.2400,31.6400,31.4100,1904300.0000,8165518796.7224
30617,Organon & Co.,OGN,2023-01-20,31.5900,31.0100,31.4300,31.3400,1556900.0000,8147321285.5276
30618,Organon & Co.,OGN,2023-01-23,32.0700,31.3450,31.4600,32.0100,1434700.0000,8321497747.4464
30619,Organon & Co.,OGN,2023-01-24,31.9000,30.9900,31.8000,31.4100,1401200.0000,8165518796.7224
30620,Organon & Co.,OGN,2023-01-25,31.4700,30.4750,31.4700,30.6400,1364500.0000,7965345181.8896
30621,Organon & Co.,OGN,2023-01-26,30.8200,30.1100,30.6000,30.3200,1432000.0000,7882156275.9448
30622,Organon & Co.,OGN,2023-01-27,30.4400,29.8350,30.1500,29.9400,1590600.0000,7783369574.0966
30623,Organon & Co.,OGN,2023-01-30,29.8450,29.3450,29.7100,29.5700,1696300.0000,7687182091.6948
30624,Organon & Co.,OGN,2023-01-31,30.1800,29.4550,29.5100,30.1300,4841000.0000,7832762677.0982
30625,Organon & Co.,OGN,2023-02-01,30.4900,29.9200,30.0000,30.3100,1452200.0000,7879556560.6534
30626,Organon & Co.,OGN,2023-02-02,30.5000,30.1400,30.3000,30.4100,1228500.0000,7905553217.7224
30627,Organon & Co.,OGN,2023-02-03,30.4800,29.7400,30.2500,29.7600,1032000.0000,7736575690.5414
30628,Organon & Co.,OGN,2023-02-06,29.7300,29.2100,29.6000,29.5800,1276200.0000,7689781806.9862
30629,Organon & Co.,OGN,2023-02-07,29.8750,29.2100,29.4700,29.8400,826100.0000,7757372917.0276
30630,Organon & Co.,OGN,2023-02-08,29.8250,29.5100,29.8000,29.6800,809200.0000,7715778464.0552
30631,Organon & Co.,OGN,2023-02-09,29.8440,28.9900,29.7700,29.0600,1258000.0000,7554599586.9034
30632,Organon & Co.,OGN,2023-02-10,29.2000,28.8750,28.9900,29.0200,1418400.0000,7544201221.5828
30633,Organon & Co.,OGN,2023-02-13,29.5200,28.6900,28.9500,29.4800,1465300.0000,7663785149.9172
30634,Organon & Co.,OGN,2023-02-14,29.5500,29.0700,29.5200,29.1300,1423100.0000,7572797098.0982
30635,Organon & Co.,OGN,2023-02-15,29.3650,28.7300,28.8300,29.2600,1782500.0000,7606592901.0414
30636,Organon & Co.,OGN,2023-02-16,28.1500,24.5550,27.8400,24.8700,9270200.0000,6465344167.9018
30637,Organon & Co.,OGN,2023-02-17,26.3800,24.1100,24.6800,26.0200,5159000.0000,6764304484.5828
30638,Organon & Co.,OGN,2023-02-21,27.0750,25.9570,26.0100,27.0400,3100400.0000,7029469494.1656
30639,Organon & Co.,OGN,2023-02-22,27.3300,26.6450,27.1800,26.8300,2131300.0000,6974876464.7362
30640,Organon & Co.,OGN,2023-02-23,27.1000,26.4500,26.9200,26.6500,1374800.0000,6928082581.1810
30641,Organon & Co.,OGN,2023-02-24,26.1800,25.2200,26.0000,25.5900,1992000.0000,6652519206.2776
30642,Organon & Co.,OGN,2023-02-27,26.1650,24.8800,25.7800,25.0900,3215600.0000,6522536416.7776
30643,Organon & Co.,OGN,2023-02-28,25.1600,24.4500,24.8900,24.4900,2889900.0000,6366556970.2086
30644,Organon & Co.,OGN,2023-03-01,24.8600,24.2300,24.5000,24.2900,2624200.0000,6314564151.9156
30645,Organon & Co.,OGN,2023-03-02,24.2000,23.9000,24.1200,24.1100,2501200.0000,6267770268.3604
30646,Organon & Co.,OGN,2023-03-03,24.8500,24.2200,24.3000,24.5600,2458200.0000,6384754481.4034
30647,Organon & Co.,OGN,2023-03-06,24.9900,24.1100,24.5500,24.1200,2580400.0000,6270369983.6518
30648,Organon & Co.,OGN,2023-03-07,24.3800,23.7200,24.2100,23.7400,2114000.0000,6171582785.9586
30649,Organon & Co.,OGN,2023-03-08,23.9050,23.5800,23.8000,23.6800,1452900.0000,6155984990.0552
30650,Organon & Co.,OGN,2023-03-09,23.7600,23.1100,23.7100,23.2700,1960200.0000,6049399142.3328
30651,Organon & Co.,OGN,2023-03-10,23.3100,22.5050,23.2000,22.6800,2722000.0000,5896019411.0552
30652,Organon & Co.,OGN,2023-03-13,22.7800,22.2000,22.5500,22.2600,2734700.0000,5786833848.0414
30653,Organon & Co.,OGN,2023-03-14,22.7350,21.7600,22.5400,21.9500,2507000.0000,5706244657.3880
30654,Organon & Co.,OGN,2023-03-15,21.6400,21.1100,21.5700,21.5200,2781100.0000,5594459379.0828
30655,Organon & Co.,OGN,2023-03-16,21.7900,21.1300,21.5300,21.7200,2719900.0000,5646452197.3758
30656,Organon & Co.,OGN,2023-03-17,21.8980,21.5630,21.6900,21.6700,4588700.0000,5633454116.7638
30657,Organon & Co.,OGN,2023-03-20,22.4200,21.6700,21.8600,22.3900,2263100.0000,5820629155.1396
30658,Organon & Co.,OGN,2023-03-21,22.7800,22.2350,22.5900,22.3800,2035300.0000,5818029439.8482
30659,Organon & Co.,OGN,2023-03-22,22.5250,21.8350,22.4300,21.8500,1466100.0000,5680248000.3190
30660,Organon & Co.,OGN,2023-03-23,22.0950,21.2400,22.0100,21.4200,1860000.0000,5568462722.0138
30661,Organon & Co.,OGN,2023-03-24,21.9100,20.9600,21.3900,21.8600,1596100.0000,5682847715.6104
30662,Organon & Co.,OGN,2023-03-27,22.2800,21.8500,22.0500,22.0800,1480200.0000,5740039964.4862
30663,Organon & Co.,OGN,2023-03-28,22.2400,21.8600,21.9300,22.2400,1266500.0000,5781634417.4586
30664,Organon & Co.,OGN,2023-03-29,22.7300,22.2500,22.5000,22.6800,1712100.0000,5896019411.0552
30665,Organon & Co.,OGN,2023-03-30,23.2600,22.8000,22.9500,23.0900,1804900.0000,6002605258.7776
30666,Organon & Co.,OGN,2023-03-31,23.5800,23.2250,23.2600,23.5200,2199500.0000,6114390537.0828
30667,Organon & Co.,OGN,2023-04-03,23.8300,23.2800,23.6300,23.5300,1773200.0000,6116990252.3742
30668,Organon & Co.,OGN,2023-04-04,23.7300,22.8500,23.6500,23.0800,1605800.0000,6000005543.4862
30669,Organon & Co.,OGN,2023-04-05,23.8250,22.9500,23.0700,23.6400,1720700.0000,6145586128.8896
30670,Organon & Co.,OGN,2023-04-06,24.0900,23.5400,23.9400,23.9500,1341200.0000,6226175815.3880
30671,Organon & Co.,OGN,2023-04-10,23.9400,23.5200,23.6700,23.8500,1219400.0000,6200179158.3190
30672,Organon & Co.,OGN,2023-04-11,24.0300,23.7400,23.9200,23.7500,1158800.0000,6174182501.2500
30673,Organon & Co.,OGN,2023-04-12,23.9900,23.5400,23.8900,23.6100,1524600.0000,6137787478.8604
30674,Organon & Co.,OGN,2023-04-13,24.0600,23.7100,23.7900,23.9800,1281500.0000,6233974465.4172
30675,Organon & Co.,OGN,2023-04-14,24.1420,23.3300,23.9800,23.8000,1365900.0000,6187180581.8620
30676,Organon & Co.,OGN,2023-04-17,24.1350,23.5200,23.7100,24.0400,1543200.0000,6249572757.1656
30677,Organon & Co.,OGN,2023-04-18,24.1900,23.5300,24.0700,23.5900,1090600.0000,6132588048.2776
30678,Organon & Co.,OGN,2023-04-19,23.9000,23.4300,23.5700,23.8900,1268000.0000,6210577523.6396
30679,Organon & Co.,OGN,2023-04-20,23.8800,23.5600,23.7400,23.6900,1390600.0000,6158584705.3466
30680,Organon & Co.,OGN,2023-04-21,24.1400,23.7700,23.9100,24.1100,1152100.0000,6267770268.3604
30681,Organon & Co.,OGN,2023-04-24,24.1400,23.7710,24.1100,24.0300,1326100.0000,6246973041.8742
30682,Organon & Co.,OGN,2023-04-25,24.0700,23.5150,24.0200,23.5900,1344700.0000,6132588048.2776
30683,Organon & Co.,OGN,2023-04-26,23.8300,23.4100,23.4100,23.7000,1426600.0000,6161184420.6380
30684,Organon & Co.,OGN,2023-04-27,24.3500,23.8200,23.8500,24.3300,1573800.0000,6324962517.2362
30685,Organon & Co.,OGN,2023-04-28,24.6650,24.1900,24.3300,24.6300,1937300.0000,6402951992.5982
30686,Organon & Co.,OGN,2023-05-01,24.7900,24.4800,24.6900,24.5000,1141000.0000,6369156685.5000
30687,Organon & Co.,OGN,2023-05-02,24.5800,23.7100,24.4800,24.0600,1537500.0000,6254771691.9034
30688,Organon & Co.,OGN,2023-05-03,24.5700,24.1100,24.2700,24.2400,2373100.0000,6301565575.4586
30689,Organon & Co.,OGN,2023-05-04,23.7500,21.6000,23.5500,22.0100,3701100.0000,5721842453.2914
30690,Organon & Co.,OGN,2023-05-05,22.8350,21.8000,22.1500,22.5200,2381000.0000,5854424958.0828
30691,Organon & Co.,OGN,2023-05-08,22.7500,21.6650,22.6700,21.8200,2251100.0000,5672448854.4448
30692,Organon & Co.,OGN,2023-05-09,21.5900,21.1250,21.5200,21.2400,3450200.0000,5521668838.4586
30693,Organon & Co.,OGN,2023-05-10,21.6550,21.0100,21.4000,21.5000,4612800.0000,5589259948.5000
30694,Organon & Co.,OGN,2023-05-11,21.4200,21.0500,21.3500,21.1500,2444900.0000,5498271896.6810
30695,Organon & Co.,OGN,2023-05-12,21.1600,20.7250,21.0000,20.8700,2075300.0000,5425481851.9018
30696,Organon & Co.,OGN,2023-05-15,20.9950,20.5100,20.8200,20.8400,2260500.0000,5417682706.0276
30697,Organon & Co.,OGN,2023-05-16,20.8600,20.3700,20.8600,20.4100,1474900.0000,5305897427.7224
30698,Organon & Co.,OGN,2023-05-17,20.5800,20.1200,20.3800,20.5800,1890900.0000,5350091595.9862
30699,Organon & Co.,OGN,2023-05-18,20.5800,20.1400,20.5400,20.4700,1410700.0000,5321495223.6258
30700,Organon & Co.,OGN,2023-05-19,20.7600,20.3600,20.5900,20.4300,1944500.0000,5311096858.3052
30701,Organon & Co.,OGN,2023-05-22,21.0500,20.1500,20.4000,20.7400,5356400.0000,5391686048.9586
30702,Organon & Co.,OGN,2023-05-23,21.0970,20.5700,20.8500,20.6300,1811700.0000,5363089676.5982
30703,Organon & Co.,OGN,2023-05-24,20.4600,19.8700,20.4600,20.1200,2157300.0000,5230507667.6518
30704,Organon & Co.,OGN,2023-05-25,19.9300,19.1500,19.8900,19.8600,4580400.0000,5162916557.6104
30705,Organon & Co.,OGN,2023-05-26,20.0900,19.4300,19.9100,19.5400,2005100.0000,5079727651.6656
30706,Organon & Co.,OGN,2023-05-30,19.5100,19.1800,19.3200,19.2700,1893400.0000,5009536826.3328
30707,Organon & Co.,OGN,2023-05-31,19.4950,18.8700,19.1800,19.3900,2899100.0000,5040732418.1396
30708,Organon & Co.,OGN,2023-06-01,19.6750,18.9900,19.5200,19.4500,1860700.0000,5056330709.8880
30709,Organon & Co.,OGN,2023-06-02,19.8750,19.5600,19.6500,19.7600,1578500.0000,5136919900.5414
30710,Organon & Co.,OGN,2023-06-05,20.3350,19.7700,19.8000,20.1900,1942300.0000,5248705178.8466
30711,Organon & Co.,OGN,2023-06-06,20.2700,19.9100,20.2300,20.0800,1638200.0000,5220108806.4862
30712,Organon & Co.,OGN,2023-06-07,20.5300,19.8600,20.0500,20.4700,1666800.0000,5321495223.6258
30713,Organon & Co.,OGN,2023-06-08,20.5900,19.9400,20.5500,20.0100,1950200.0000,5201911295.2914
30714,Organon & Co.,OGN,2023-06-09,20.2100,19.7750,19.9400,19.8300,2317800.0000,5155117411.7362
30715,Organon & Co.,OGN,2023-06-12,20.5300,19.8600,19.9300,20.4200,1970900.0000,5308497143.0138
30716,Organon & Co.,OGN,2023-06-13,20.7750,20.3400,20.4000,20.3900,1604600.0000,5300697997.1396
30717,Organon & Co.,OGN,2023-06-14,20.8200,20.1500,20.5600,20.2900,1674000.0000,5274701835.9156
30718,Organon & Co.,OGN,2023-06-15,20.9400,20.2400,20.3000,20.9200,1826000.0000,5438479932.5138
30719,Organon & Co.,OGN,2023-06-16,21.1000,20.6900,21.0000,20.9100,5098200.0000,5435880217.2224
30720,Organon & Co.,OGN,2023-06-20,21.0400,20.4000,20.6200,20.8800,1857600.0000,5428081071.3482
30721,Organon & Co.,OGN,2023-06-21,21.0300,20.5500,20.7900,20.7900,2907500.0000,5404684625.4156
30722,Organon & Co.,OGN,2023-06-22,21.1200,20.7000,20.8800,20.9100,1588800.0000,5435880217.2224
30723,Organon & Co.,OGN,2023-06-23,20.8400,20.1150,20.7500,20.2400,2226800.0000,5261703259.4586
30724,Organon & Co.,OGN,2023-06-26,20.5900,20.0550,20.2400,20.5200,1385400.0000,5334493800.0828
30725,Organon & Co.,OGN,2023-06-27,20.7150,20.1900,20.4200,20.6200,1427500.0000,5360490457.1518
30726,Organon & Co.,OGN,2023-06-28,20.7100,20.2750,20.6700,20.4200,1194200.0000,5308497143.0138
30727,Organon & Co.,OGN,2023-06-29,20.9250,20.2800,20.3300,20.7300,1741900.0000,5389086333.6672
30728,Organon & Co.,OGN,2023-06-30,20.9800,20.6500,20.9300,20.8100,1583800.0000,5409883560.1534
30729,Organon & Co.,OGN,2023-07-03,20.9100,20.5400,20.7400,20.5700,1140000.0000,5347491880.6948
30730,Organon & Co.,OGN,2023-07-05,20.8000,20.1100,20.4300,20.5500,1460800.0000,5342292450.1120
30731,Organon & Co.,OGN,2023-07-06,20.2700,19.8200,20.2100,19.9200,2258800.0000,5178514353.5138
30732,Organon & Co.,OGN,2023-07-07,20.3900,19.7600,19.8600,20.1000,2730300.0000,5225308237.0690
30733,Organon & Co.,OGN,2023-07-10,20.3000,19.9100,20.1500,20.1900,2193500.0000,5248705178.8466
30734,Organon & Co.,OGN,2023-07-11,21.0700,20.2200,20.2200,20.7900,3500100.0000,5404684625.4156
30735,Organon & Co.,OGN,2023-07-12,21.2400,20.1800,21.0500,20.2700,2159200.0000,5269502405.3328
30736,Organon & Co.,OGN,2023-07-13,20.7600,20.3200,20.3200,20.7100,1413900.0000,5383886903.0844
30737,Organon & Co.,OGN,2023-07-14,20.8100,20.2850,20.7700,20.5200,2683300.0000,5334493800.0828
30738,Organon & Co.,OGN,2023-07-17,20.4800,20.0600,20.4000,20.3800,1584400.0000,5298098281.8482
30739,Organon & Co.,OGN,2023-07-18,20.7400,20.3100,20.3500,20.5300,1299500.0000,5337093515.3742
30740,Organon & Co.,OGN,2023-07-19,20.9500,20.5550,20.6500,20.8100,1653900.0000,5409883560.1534
30741,Organon & Co.,OGN,2023-07-20,21.1450,20.8300,21.0100,20.9000,1335400.0000,5433280501.9310
30742,Organon & Co.,OGN,2023-07-21,21.2100,20.7050,20.9800,21.1700,1474500.0000,5503471327.2638
30743,Organon & Co.,OGN,2023-07-24,21.8710,21.2100,21.2400,21.5300,1828200.0000,5597059094.3742
30744,Organon & Co.,OGN,2023-07-25,21.7850,21.2600,21.4400,21.7400,2360600.0000,5651651627.9586
30745,Organon & Co.,OGN,2023-07-26,22.3400,21.6100,21.6800,22.2900,2477300.0000,5794632993.9156
30746,Organon & Co.,OGN,2023-07-27,22.4800,21.8550,22.3800,21.8800,1685100.0000,5688046650.3482
30747,Organon & Co.,OGN,2023-07-28,22.3400,21.9950,22.2600,22.1800,1509400.0000,5766036621.5552
30748,Organon & Co.,OGN,2023-07-31,22.2750,21.7800,22.1500,21.9800,6248600.0000,5714043307.4172
30749,Organon & Co.,OGN,2023-08-01,22.3500,21.5900,22.0400,21.7300,2055400.0000,5649051912.6672
30750,Organon & Co.,OGN,2023-08-02,21.8400,21.2800,21.4800,21.8100,1846500.0000,5669849139.1534
30751,Organon & Co.,OGN,2023-08-03,21.9300,21.4500,21.7600,21.5100,2299400.0000,5591859663.7914
30752,Organon & Co.,OGN,2023-08-04,21.7450,21.3900,21.5600,21.5300,1766400.0000,5597059094.3742
30753,Organon & Co.,OGN,2023-08-07,22.1400,21.6000,21.6300,21.8000,2928000.0000,5667249423.8620
30754,Organon & Co.,OGN,2023-08-08,24.0800,22.5000,22.5950,23.7700,5991800.0000,6179381931.8328
30755,Organon & Co.,OGN,2023-08-09,23.9100,23.0850,23.8800,23.1600,2992100.0000,6020802769.9724
30756,Organon & Co.,OGN,2023-08-10,23.9850,23.3300,23.3400,23.6100,3392400.0000,6137787478.8604
30757,Organon & Co.,OGN,2023-08-11,23.7500,23.1200,23.5500,23.1500,1966300.0000,6018203054.6810
30758,Organon & Co.,OGN,2023-08-14,23.3700,22.9550,23.0700,23.0600,1884500.0000,5994806112.9034
30759,Organon & Co.,OGN,2023-08-15,23.3700,22.9000,22.9100,23.2600,1788700.0000,6046799427.0414
30760,Organon & Co.,OGN,2023-08-16,23.2900,22.8300,23.1000,22.8600,1286600.0000,5942813294.6104
30761,Organon & Co.,OGN,2023-08-17,22.8800,22.3100,22.7600,22.4400,1404900.0000,5833627731.5966
30762,Organon & Co.,OGN,2023-08-18,22.5500,22.1300,22.2100,22.4900,1802600.0000,5846625812.2086
30763,Organon & Co.,OGN,2023-08-21,22.6100,22.2400,22.3700,22.4000,1169900.0000,5823228870.4310
30764,Organon & Co.,OGN,2023-08-22,22.5450,22.1500,22.4400,22.1600,1369400.0000,5760837190.9724
30765,Organon & Co.,OGN,2023-08-23,22.2450,21.8900,22.2400,21.9200,956700.0000,5698445511.5138
30766,Organon & Co.,OGN,2023-08-24,22.0490,21.5050,21.8000,21.6100,1559800.0000,5617856320.8604
30767,Organon & Co.,OGN,2023-08-25,21.9800,21.5100,21.6500,21.8600,1227500.0000,5682847715.6104
30768,Organon & Co.,OGN,2023-08-28,22.1350,21.9070,21.9200,22.0700,948200.0000,5737440249.1948
30769,Organon & Co.,OGN,2023-08-29,22.4000,22.0000,22.1900,22.3500,1164000.0000,5810230789.8190
30770,Organon & Co.,OGN,2023-08-30,22.4050,22.1600,22.3000,22.3200,1232900.0000,5802431643.9448
30771,Organon & Co.,OGN,2023-08-31,22.4700,21.9500,22.3900,21.9600,936100.0000,5708843876.8344
30772,Organon & Co.,OGN,2023-09-01,22.3400,22.0100,22.1500,22.1400,966200.0000,5755637760.3896
30773,Organon & Co.,OGN,2023-09-05,22.0800,20.9900,22.0500,21.0000,1697800.0000,5459277159.0000
30774,Organon & Co.,OGN,2023-09-06,21.0400,19.8050,20.8600,19.8300,3648300.0000,5155117411.7362
30775,Organon & Co.,OGN,2023-09-07,20.0700,19.4500,19.8200,19.4700,4320100.0000,5061529644.6258
30776,Organon & Co.,OGN,2023-09-08,19.5600,19.2400,19.5200,19.2900,1919700.0000,5014736256.9156
30777,Organon & Co.,OGN,2023-09-11,19.9600,19.3300,19.3500,19.6700,2661300.0000,5113522958.7638
30778,Organon & Co.,OGN,2023-09-12,19.8500,19.2900,19.6300,19.4400,3280800.0000,5053730994.5966
30779,Organon & Co.,OGN,2023-09-13,19.4900,19.1400,19.2900,19.2700,1923000.0000,5009536826.3328
30780,Organon & Co.,OGN,2023-09-14,19.8500,19.4700,19.5200,19.7900,2455100.0000,5144719046.4156
30781,Organon & Co.,OGN,2023-09-15,19.7700,19.4300,19.6400,19.5400,6077400.0000,5079727651.6656
30782,Organon & Co.,OGN,2023-09-18,19.6700,19.3000,19.5000,19.4600,1870000.0000,5058929929.3344
30783,Organon & Co.,OGN,2023-09-19,19.4550,19.0000,19.3600,19.0100,2011500.0000,4941945716.2914
30784,Organon & Co.,OGN,2023-09-20,19.1700,18.8900,19.1000,18.9200,2716700.0000,4918548774.5138
30785,Organon & Co.,OGN,2023-09-21,18.9950,18.5700,18.9000,18.5800,2405300.0000,4830160437.9862
30786,Organon & Co.,OGN,2023-09-22,18.7700,18.2200,18.7700,18.2600,3088700.0000,4746971532.0414
30787,Organon & Co.,OGN,2023-09-25,18.2700,17.8200,18.1800,17.8800,3465700.0000,4648184334.3482
30788,Organon & Co.,OGN,2023-09-26,17.8100,17.1400,17.7200,17.2500,5360400.0000,4484406237.7500
30789,Organon & Co.,OGN,2023-09-27,17.2300,16.5200,17.1500,16.5900,6085500.0000,4312828995.2776
30790,Organon & Co.,OGN,2023-09-28,17.1300,16.4250,16.6200,17.0800,4098600.0000,4440212069.4862
30791,Organon & Co.,OGN,2023-09-29,17.4800,17.1400,17.2500,17.3600,3237000.0000,4513002610.1104
30792,Organon & Co.,OGN,2023-10-02,17.2500,16.6100,17.2300,16.6900,3225300.0000,4338825652.3466
30793,Organon & Co.,OGN,2023-10-03,16.6700,16.1300,16.5300,16.2900,2750900.0000,4234839519.9156
30794,Organon & Co.,OGN,2023-10-04,16.3950,16.0700,16.2400,16.3200,3310100.0000,4242638169.9448
30795,Organon & Co.,OGN,2023-10-05,16.4200,16.0900,16.2700,16.2200,2074600.0000,4216641512.8758
30796,Organon & Co.,OGN,2023-10-06,16.6950,15.9600,16.0900,16.5800,2480200.0000,4310229279.9862
30797,Organon & Co.,OGN,2023-10-09,17.0100,16.4300,16.4400,16.9600,3628800.0000,4409015981.8344
30798,Organon & Co.,OGN,2023-10-10,17.5250,16.9400,17.0800,17.2900,2343900.0000,4494805098.9156
30799,Organon & Co.,OGN,2023-10-11,17.3700,17.0950,17.3700,17.2200,2431300.0000,4476607091.8758
30800,Organon & Co.,OGN,2023-10-12,17.1600,16.5900,17.1100,16.6400,2590900.0000,4325827075.8896
30801,Organon & Co.,OGN,2023-10-13,17.4100,16.4600,16.7100,17.3200,3868100.0000,4502603748.9448
30802,Organon & Co.,OGN,2023-10-16,17.6900,16.6650,17.4700,16.8600,5892100.0000,4383019820.6104
30803,Organon & Co.,OGN,2023-10-17,16.9400,16.3000,16.6500,16.4400,68003400.0000,4273834257.5966
30804,Organon & Co.,OGN,2023-10-18,16.4200,16.0500,16.3000,16.2900,4009100.0000,4234839519.9156
30805,Organon & Co.,OGN,2023-10-19,16.3200,15.9750,16.2100,16.1400,4502800.0000,4195844286.3896
30806,Organon & Co.,OGN,2023-10-20,16.1700,15.8750,16.0100,15.9000,2396400.0000,4133452606.9310
30807,Organon & Co.,OGN,2023-10-23,16.0900,15.4600,15.9900,15.4800,3163800.0000,4024267043.9172
30808,Organon & Co.,OGN,2023-10-24,15.8550,15.4550,15.5000,15.7600,3517900.0000,4097057584.5414
30809,Organon & Co.,OGN,2023-10-25,15.7400,15.4650,15.5500,15.6500,2188700.0000,4068461212.1810
30810,Organon & Co.,OGN,2023-10-26,15.7300,15.3000,15.5600,15.3100,3346600.0000,3980073123.5759
30811,Organon & Co.,OGN,2023-10-27,15.2800,14.9300,15.2600,14.9600,3813900.0000,3889085071.7569
30812,Organon & Co.,OGN,2023-10-30,15.2000,14.6650,15.0600,14.9300,3572200.0000,3881286173.8052
30813,Organon & Co.,OGN,2023-10-31,15.0200,14.6050,14.9700,14.7900,3646700.0000,3844890903.4931
30814,Organon & Co.,OGN,2023-11-01,14.8450,14.5800,14.7800,14.6500,3171900.0000,3808495633.1810
30815,Organon & Co.,OGN,2023-11-02,14.8490,12.6500,14.4800,13.1100,11350900.0000,3408148651.4379
30816,Organon & Co.,OGN,2023-11-03,13.6200,12.8100,13.2800,13.3000,11942900.0000,3457542250.2845
30817,Organon & Co.,OGN,2023-11-06,13.1800,12.5300,13.0900,12.5600,8292000.0000,3265167781.3259
30818,Organon & Co.,OGN,2023-11-07,12.7200,12.1400,12.4900,12.4100,5219000.0000,3226172795.7224
30819,Organon & Co.,OGN,2023-11-08,12.4800,12.0300,12.4800,12.2700,5153700.0000,3189777773.3328
30820,Organon & Co.,OGN,2023-11-09,12.2600,11.4200,12.2500,11.4200,5481000.0000,2968806932.0138
30821,Organon & Co.,OGN,2023-11-10,11.1800,10.9200,11.1200,11.1200,5171900.0000,2890817208.7293
30822,Organon & Co.,OGN,2023-11-13,11.3000,10.9150,11.0100,11.0300,4337700.0000,2867420266.9517
30823,Organon & Co.,OGN,2023-11-14,11.7300,11.1500,11.2900,11.4600,4620900.0000,2979205545.2569
30824,Organon & Co.,OGN,2023-11-15,11.7000,11.3500,11.4300,11.5600,3124400.0000,3005202202.3259
30825,Organon & Co.,OGN,2023-11-16,11.5350,10.9050,11.5300,10.9500,4187300.0000,2846623040.4655
30826,Organon & Co.,OGN,2023-11-17,11.3500,11.0500,11.1100,11.3100,4487700.0000,2940210807.5759
30827,Organon & Co.,OGN,2023-11-20,11.3000,11.1050,11.2300,11.1900,2745900.0000,2909014719.9241
30828,Organon & Co.,OGN,2023-11-21,11.2250,10.9900,11.1400,11.0300,3535800.0000,2867420266.9517
30829,Organon & Co.,OGN,2023-11-22,11.3500,11.0800,11.1400,11.2400,2711300.0000,2922013048.4586
30830,Organon & Co.,OGN,2023-11-24,11.3900,11.2220,11.2700,11.3600,1159500.0000,2953208888.1879
30831,Organon & Co.,OGN,2023-11-27,11.4900,11.1700,11.3300,11.4300,3646100.0000,2971406647.3052
30832,Organon & Co.,OGN,2023-11-28,11.5550,11.2500,11.4400,11.3000,3818100.0000,2937611092.2845
30833,Organon & Co.,OGN,2023-11-29,11.4500,11.2320,11.3500,11.4100,6129200.0000,2966207216.7224
30834,Organon & Co.,OGN,2023-11-30,11.5500,11.2300,11.5000,11.3200,4066000.0000,2942810274.9448
30835,Organon & Co.,OGN,2023-12-01,11.7200,11.2200,11.3300,11.5000,3188800.0000,2989604158.5000
30836,Organon & Co.,OGN,2023-12-04,11.8700,11.4000,11.4200,11.8300,4417600.0000,3075392779.7362
30837,Organon & Co.,OGN,2023-12-05,11.8100,11.0650,11.7200,11.0900,4579400.0000,2883018310.7776
30838,Organon & Co.,OGN,2023-12-06,11.2800,10.8350,11.2700,10.9900,4574600.0000,2857021653.7086
30839,Organon & Co.,OGN,2023-12-07,11.5100,10.9220,10.9900,11.3300,5695700.0000,2945409990.2362
30840,Organon & Co.,OGN,2023-12-08,11.5000,10.9550,11.3500,11.0200,3874800.0000,2864820799.5828
30841,Organon & Co.,OGN,2023-12-11,11.3500,11.0200,11.1000,11.2300,4490500.0000,2919413333.1672
30842,Organon & Co.,OGN,2023-12-12,11.6230,10.9700,11.2500,11.5400,7196800.0000,3000002771.7431
30843,Organon & Co.,OGN,2023-12-13,12.4800,11.3100,11.5000,12.4200,9431000.0000,3228772511.0138
30844,Organon & Co.,OGN,2023-12-14,13.0300,12.6200,12.7500,12.8200,6671900.0000,3332758643.4448
30845,Organon & Co.,OGN,2023-12-15,13.3700,12.7100,12.7800,13.0800,10736100.0000,3400349753.4862
30846,Organon & Co.,OGN,2023-12-18,13.2400,12.8700,13.1100,13.1200,4490600.0000,3410748366.7293
30847,Organon & Co.,OGN,2023-12-19,13.5900,13.1650,13.2700,13.5200,5225900.0000,3514734747.0828
30848,Organon & Co.,OGN,2023-12-20,13.5900,13.1400,13.4700,13.1400,4443500.0000,3415947797.3121
30849,Organon & Co.,OGN,2023-12-21,13.9000,13.4040,13.4500,13.6000,4634000.0000,3535531973.5690
30850,Organon & Co.,OGN,2023-12-22,13.9800,13.5750,13.5900,13.9100,3484700.0000,3616121164.2224
30851,Organon & Co.,OGN,2023-12-26,14.2400,13.8700,13.9300,14.1300,4166300.0000,3673313661.0207
30852,Organon & Co.,OGN,2023-12-27,14.4900,14.1100,14.1400,14.3600,2870600.0000,3733105625.1879
30853,Organon & Co.,OGN,2023-12-28,14.5900,14.3100,14.3900,14.4800,2417500.0000,3764301464.9172
30854,Organon & Co.,OGN,2023-12-29,14.5250,14.2400,14.4000,14.4200,2709200.0000,3748703669.0138
30855,Organon & Co.,OGN,2024-01-02,15.1250,14.4200,14.4200,14.7100,4556300.0000,3824093677.0069
30856,Organon & Co.,OGN,2024-01-03,14.7800,14.2800,14.6400,14.6300,2980200.0000,3803296450.5207
30857,Organon & Co.,OGN,2024-01-04,14.7300,13.7000,14.6800,13.7800,5356500.0000,3582325609.2017
30858,Organon & Co.,OGN,2024-01-05,14.4750,13.6500,13.8000,14.4100,4903100.0000,3746103953.7224
30859,Organon & Co.,OGN,2024-01-08,16.3200,14.3500,14.3500,16.3000,9021500.0000,4237438739.3620
30860,Organon & Co.,OGN,2024-01-09,16.3850,16.0100,16.2100,16.2000,4857600.0000,4211442578.1380
30861,Organon & Co.,OGN,2024-01-10,17.2150,16.0900,16.2400,17.2000,6404300.0000,4471408157.1380
30862,Organon & Co.,OGN,2024-01-11,17.3700,16.6600,17.1800,16.8300,5070600.0000,4375220674.7362
30863,Organon & Co.,OGN,2024-01-12,17.3550,16.7400,16.8600,16.7500,2978000.0000,4354423448.2500
30864,Organon & Co.,OGN,2024-01-16,16.7750,16.3350,16.6500,16.5900,3200200.0000,4312828995.2776
30865,Organon & Co.,OGN,2024-01-17,16.5200,15.7400,16.3600,15.9000,4123200.0000,4133452606.9310
30866,Organon & Co.,OGN,2024-01-18,16.1600,15.4750,15.9900,15.6900,3806700.0000,4078859825.4241
30867,Organon & Co.,OGN,2024-01-19,15.7300,15.3300,15.6500,15.5000,3302900.0000,4029466474.5000
30868,Organon & Co.,OGN,2024-01-22,15.9800,15.5200,15.6000,15.6900,2649100.0000,4078859825.4241
30869,Organon & Co.,OGN,2024-01-23,16.3100,15.7350,15.8500,16.2700,2544600.0000,4229640089.3328
30870,Organon & Co.,OGN,2024-01-24,16.6000,16.2700,16.3900,16.4200,2314900.0000,4268634827.0138
30871,Organon & Co.,OGN,2024-01-25,16.8500,16.4700,16.6600,16.8400,2269200.0000,4377820390.0276
30872,Organon & Co.,OGN,2024-01-26,17.0150,16.6500,16.8000,16.7300,2502900.0000,4349224017.6672
30873,Organon & Co.,OGN,2024-01-29,17.1800,16.6020,16.8200,17.1600,2257900.0000,4461009295.9724
30874,Organon & Co.,OGN,2024-01-30,17.1800,16.6200,17.1200,16.7800,1679100.0000,4362222594.1242
30875,Organon & Co.,OGN,2024-01-31,17.0800,16.6500,16.8300,16.6500,3032300.0000,4328426791.1810
30876,Organon & Co.,OGN,2024-02-01,17.3000,16.5710,16.7500,17.2400,1881500.0000,4481806522.4586
30877,Organon & Co.,OGN,2024-02-02,17.2100,16.6100,17.1700,16.6400,1961000.0000,4325827075.8896
30878,Organon & Co.,OGN,2024-02-05,16.6300,16.0200,16.6000,16.0400,2070900.0000,4169848125.1656
30879,Organon & Co.,OGN,2024-02-06,17.1400,16.0360,16.1000,16.9500,2824200.0000,4406416762.3880
30880,Organon & Co.,OGN,2024-02-07,16.8900,16.0600,16.8500,16.2500,2616200.0000,4224440658.7500
30881,Organon & Co.,OGN,2024-02-08,16.3200,15.9400,16.1800,16.3100,2355200.0000,4240038454.6534
30882,Organon & Co.,OGN,2024-02-09,16.4300,16.1200,16.3300,16.3800,2035000.0000,4258235965.8482
30883,Organon & Co.,OGN,2024-02-12,16.8700,16.4700,16.4800,16.8300,2255500.0000,4375220674.7362
30884,Organon & Co.,OGN,2024-02-13,16.5400,15.8400,16.5300,16.1200,3396100.0000,4190645351.6518
30885,Organon & Co.,OGN,2024-02-14,16.4400,15.9300,16.2800,16.3600,3559200.0000,4253037031.1104
30886,Organon & Co.,OGN,2024-02-15,19.0800,17.6500,17.8500,18.6200,7744800.0000,4840559299.1518
30887,Organon & Co.,OGN,2024-02-16,18.9850,18.3500,18.5600,18.7100,3397600.0000,4863955745.0844
30888,Organon & Co.,OGN,2024-02-20,18.9300,18.3800,18.7500,18.4900,3370500.0000,4806763496.2086
30889,Organon & Co.,OGN,2024-02-21,18.9700,18.2550,18.7000,18.5300,3291500.0000,4817162357.3742
30890,Organon & Co.,OGN,2024-02-22,18.6700,18.2700,18.5100,18.5500,2281600.0000,4822361292.1120
30891,Organon & Co.,OGN,2024-02-23,18.7000,18.0500,18.4000,18.5000,2390800.0000,4809363211.5000
30892,Organon & Co.,OGN,2024-02-26,18.6200,17.6250,18.5000,17.6500,2898200.0000,4588392370.1810
30893,Organon & Co.,OGN,2024-02-27,18.2650,17.6100,17.7500,18.0400,1932400.0000,4689779283.1656
30894,Organon & Co.,OGN,2024-02-28,17.9350,17.6560,17.8900,17.8300,2550800.0000,4635186253.7362
30895,Organon & Co.,OGN,2024-02-29,17.9500,17.3850,17.8800,17.4100,2781900.0000,4526000690.7224
30896,Organon & Co.,OGN,2024-03-01,17.6000,17.2500,17.5000,17.5600,1549700.0000,4564995428.4034
30897,Organon & Co.,OGN,2024-03-04,17.6800,17.2900,17.6000,17.3900,1773300.0000,4520801260.1396
30898,Organon & Co.,OGN,2024-03-05,17.8700,17.3400,17.3800,17.7500,1530100.0000,4614389027.2500
30899,Organon & Co.,OGN,2024-03-06,18.0350,17.7350,17.9500,17.9700,1656400.0000,4671581276.1258
30900,Organon & Co.,OGN,2024-03-07,18.4800,18.0000,18.1000,18.2300,1405400.0000,4739172386.1672
30901,Organon & Co.,OGN,2024-03-08,18.5250,18.1500,18.2700,18.4500,1558000.0000,4796365130.8880
30902,Organon & Co.,OGN,2024-03-11,18.7400,18.2700,18.3500,18.3400,1811200.0000,4767768758.5276
30903,Organon & Co.,OGN,2024-03-12,18.4800,18.2500,18.3100,18.2700,1675500.0000,4749571247.3328
30904,Organon & Co.,OGN,2024-03-13,18.6100,18.2300,18.3600,18.5500,2799400.0000,4822361292.1120
30905,Organon & Co.,OGN,2024-03-14,18.6300,18.0300,18.2600,18.3600,2264700.0000,4772968189.1104
30906,Organon & Co.,OGN,2024-03-15,18.3800,18.0600,18.0600,18.2800,4317600.0000,4752170962.6242
30907,Organon & Co.,OGN,2024-03-18,18.3100,17.5730,18.3100,17.8100,3069800.0000,4629986823.1534
30908,Organon & Co.,OGN,2024-03-19,18.0800,17.6100,17.8000,17.9400,2378600.0000,4663782626.0966
30909,Organon & Co.,OGN,2024-03-20,18.1800,17.6000,17.6900,18.1500,1879500.0000,4718375159.6810
30910,Organon & Co.,OGN,2024-03-21,18.5200,18.2050,18.2900,18.3000,1612700.0000,4757369897.3620
30911,Organon & Co.,OGN,2024-03-22,18.6100,17.6700,18.3500,17.7800,1861800.0000,4622188173.1242
30912,Organon & Co.,OGN,2024-03-25,17.8900,17.6000,17.8300,17.8200,1502100.0000,4632586538.4448
30913,Organon & Co.,OGN,2024-03-26,18.1900,17.8550,17.9700,18.1200,1797900.0000,4710576509.6518
30914,Organon & Co.,OGN,2024-03-27,18.5000,18.1750,18.2500,18.4500,1646800.0000,4796365130.8880
30915,Organon & Co.,OGN,2024-03-28,18.9300,18.4250,18.5000,18.8000,2254300.0000,4887352686.8620
30916,Organon & Co.,OGN,2024-04-01,18.8250,18.3350,18.8100,18.5000,1481700.0000,4809363211.5000
30917,Organon & Co.,OGN,2024-04-02,18.3300,18.0400,18.2600,18.1300,1564500.0000,4713175729.0982
30918,Organon & Co.,OGN,2024-04-03,18.2000,17.8550,18.1000,17.9100,2221000.0000,4655983480.2224
30919,Organon & Co.,OGN,2024-04-04,18.2300,17.8700,18.1700,17.8700,1445000.0000,4645585114.9018
30920,Organon & Co.,OGN,2024-04-05,18.0150,17.5200,17.8000,17.8600,2011300.0000,4642985399.6104
30921,Organon & Co.,OGN,2024-04-08,18.1800,17.6700,18.0300,18.1600,1286200.0000,4720974874.9724
30922,Organon & Co.,OGN,2024-04-09,18.4300,18.0950,18.1500,18.4100,1645700.0000,4785966269.7224
30923,Organon & Co.,OGN,2024-04-10,18.2200,18.0000,18.0100,18.1600,2566300.0000,4720974874.9724
30924,Organon & Co.,OGN,2024-04-11,18.4700,17.9250,18.3900,18.2800,1854500.0000,4752170962.6242
30925,Organon & Co.,OGN,2024-04-12,18.2400,17.3300,18.1900,17.4500,2976300.0000,4536399551.8880
30926,Organon & Co.,OGN,2024-04-15,17.9200,17.5800,17.6000,17.7100,3048700.0000,4603990166.0844
30927,Organon & Co.,OGN,2024-04-16,17.9200,17.3800,17.5500,17.7900,2503400.0000,4624787888.4156
30928,Organon & Co.,OGN,2024-04-17,17.9200,17.4330,17.8900,17.8700,2798600.0000,4645585114.9018
30929,Organon & Co.,OGN,2024-04-18,18.2350,17.8100,17.9000,17.8600,2129600.0000,4642985399.6104
30930,Organon & Co.,OGN,2024-04-19,18.0250,17.3800,17.8800,17.8200,3612200.0000,4632586538.4448
30931,Organon & Co.,OGN,2024-04-22,18.1100,17.7900,17.9700,18.0000,1551000.0000,4679380422.0000
30932,Organon & Co.,OGN,2024-04-23,18.5400,17.8200,17.9600,18.5200,1699300.0000,4814562642.0828
30933,Organon & Co.,OGN,2024-04-24,18.7500,18.1100,18.4400,18.7100,1999300.0000,4863955745.0844
30934,Organon & Co.,OGN,2024-04-25,18.7300,18.2000,18.6200,18.4200,1541900.0000,4788565985.0138
30935,Organon & Co.,OGN,2024-04-26,18.6800,18.3300,18.4300,18.5500,2049700.0000,4822361292.1120
30936,Organon & Co.,OGN,2024-04-29,19.0400,18.6900,18.6900,18.9000,2158900.0000,4913349343.9310
30937,Organon & Co.,OGN,2024-04-30,18.9200,18.5600,18.8400,18.6100,2340300.0000,4837959583.8604
30938,Organon & Co.,OGN,2024-05-01,19.1200,18.5900,18.6100,18.8300,2398200.0000,4895151832.7362
30939,Organon & Co.,OGN,2024-05-02,19.8900,18.1100,19.4400,19.5000,4580500.0000,5069328790.5000
30940,Organon & Co.,OGN,2024-05-03,20.3000,19.4100,20.0000,19.6100,3217600.0000,5097925162.8604
30941,Organon & Co.,OGN,2024-05-06,20.7900,19.5900,19.7500,20.6800,3180100.0000,5376088253.0552
30942,Organon & Co.,OGN,2024-05-07,20.9700,20.3700,20.6900,20.4000,2438100.0000,5303297712.4310
30943,Organon & Co.,OGN,2024-05-08,20.5050,20.0800,20.2300,20.3700,2114300.0000,5295499062.4018
30944,Organon & Co.,OGN,2024-05-09,20.6800,20.1100,20.3700,20.5100,2023500.0000,5331894084.7914
30945,Organon & Co.,OGN,2024-05-10,20.7500,20.2950,20.4100,20.4200,1333800.0000,5308497143.0138
30946,Organon & Co.,OGN,2024-05-13,21.0800,20.4700,20.5700,20.9400,1929900.0000,5443679363.0966
30947,Organon & Co.,OGN,2024-05-14,21.5600,21.1350,21.1900,21.3500,2142300.0000,5550265210.8190
30948,Organon & Co.,OGN,2024-05-15,21.7200,21.2500,21.4900,21.6500,2641200.0000,5628254686.1810
30949,Organon & Co.,OGN,2024-05-16,21.6650,21.1700,21.5600,21.5200,1826700.0000,5594459379.0828
30950,Organon & Co.,OGN,2024-05-17,21.9800,21.4300,21.4900,21.8000,1669100.0000,5667249423.8620
30951,Organon & Co.,OGN,2024-05-20,21.8500,21.5900,21.8000,21.7700,1238000.0000,5659450773.8328
30952,Organon & Co.,OGN,2024-05-21,21.8800,21.6300,21.6400,21.8500,1525500.0000,5680248000.3190
30953,Organon & Co.,OGN,2024-05-22,21.9800,21.6400,21.6600,21.9600,1437800.0000,5708843876.8344
30954,Organon & Co.,OGN,2024-05-23,21.8850,21.2950,21.8700,21.3500,1679200.0000,5550265210.8190
30955,Organon & Co.,OGN,2024-05-24,21.4700,20.9000,21.4400,20.9900,1043700.0000,5456677443.7086
30956,Organon & Co.,OGN,2024-05-28,21.1600,20.8600,21.0100,20.9800,1190900.0000,5454077728.4172
30957,Organon & Co.,OGN,2024-05-29,20.9100,20.4200,20.8300,20.5700,1447200.0000,5347491880.6948
30958,Organon & Co.,OGN,2024-05-30,21.0100,20.5200,20.6000,20.9400,1783000.0000,5443679363.0966
30959,Organon & Co.,OGN,2024-05-31,21.4200,20.9100,21.0000,21.3300,1981000.0000,5545065780.2362
30960,Organon & Co.,OGN,2024-06-03,21.7800,21.0900,21.3100,21.3800,1290400.0000,5558063860.8482
30961,Organon & Co.,OGN,2024-06-04,21.4550,20.8000,21.3300,20.8800,1339100.0000,5428081071.3482
30962,Organon & Co.,OGN,2024-06-05,21.0200,20.6950,20.9300,20.9600,1026800.0000,5448878297.8344
30963,Organon & Co.,OGN,2024-06-06,21.0150,20.5500,20.8100,20.6700,952200.0000,5373488537.7638
30964,Organon & Co.,OGN,2024-06-07,20.8100,20.3200,20.5300,20.7500,900300.0000,5394285764.2500
30965,Organon & Co.,OGN,2024-06-10,20.8150,20.3600,20.5600,20.7100,1107500.0000,5383886903.0844
30966,Organon & Co.,OGN,2024-06-11,20.6600,20.1650,20.5800,20.2600,3843100.0000,5266902690.0414
30967,Organon & Co.,OGN,2024-06-12,21.1500,20.6200,20.8100,20.8400,1833300.0000,5417682706.0276
30968,Organon & Co.,OGN,2024-06-13,20.8400,20.4650,20.7700,20.5100,1223900.0000,5331894084.7914
30969,Organon & Co.,OGN,2024-06-14,20.4550,19.8200,20.2700,20.4000,1402100.0000,5303297712.4310
30970,Organon & Co.,OGN,2024-06-17,20.5400,19.8800,20.3100,20.3500,1418700.0000,5290299631.8190
30971,Organon & Co.,OGN,2024-06-18,20.4400,20.2100,20.3000,20.3500,1572500.0000,5290299631.8190
30972,Organon & Co.,OGN,2024-06-20,20.5400,20.1500,20.2200,20.4500,1123200.0000,5316296288.8880
30973,Organon & Co.,OGN,2024-06-21,20.9300,20.3100,20.6100,20.8400,3368000.0000,5417682706.0276
30974,Organon & Co.,OGN,2024-06-24,21.4400,20.9000,20.9500,21.1200,1427100.0000,5490473246.6518
30975,Organon & Co.,OGN,2024-06-25,21.1900,20.7900,21.1300,20.7900,845700.0000,5404684625.4156
30976,Organon & Co.,OGN,2024-06-26,20.7100,20.4050,20.6100,20.6300,869600.0000,5363089676.5982
30977,Organon & Co.,OGN,2024-06-27,20.7100,20.3800,20.5900,20.5900,873500.0000,5352691311.2776
30978,Organon & Co.,OGN,2024-06-28,21.0300,20.5150,20.7600,20.7000,2030200.0000,5381287683.6380
30979,Organon & Co.,OGN,2024-07-01,21.0100,20.1700,20.8200,20.3100,1483400.0000,5279900770.6534
30980,Organon & Co.,OGN,2024-07-02,20.3800,20.0500,20.1600,20.1200,913800.0000,5230507667.6518
30981,Organon & Co.,OGN,2024-07-03,20.5500,20.1200,20.1800,20.3100,890400.0000,5279900770.6534
30982,Organon & Co.,OGN,2024-07-05,20.3100,19.9400,20.2500,20.1100,1887400.0000,5227907952.3604
30983,Organon & Co.,OGN,2024-07-08,20.4600,20.1200,20.3100,20.1400,1074000.0000,5235706602.3896
30984,Organon & Co.,OGN,2024-07-09,20.2920,19.8350,20.1400,19.9300,1784900.0000,5181114068.8052
30985,Organon & Co.,OGN,2024-07-10,20.0500,19.3400,19.9300,19.9200,1938000.0000,5178514353.5138
30986,Organon & Co.,OGN,2024-07-11,20.9900,20.1500,20.2400,20.8800,1723300.0000,5428081071.3482
30987,Organon & Co.,OGN,2024-07-12,21.4400,20.8200,21.0200,21.3000,1962300.0000,5537266634.3620
30988,Organon & Co.,OGN,2024-07-15,21.3900,20.7200,21.3600,20.7300,1024500.0000,5389086333.6672
30989,Organon & Co.,OGN,2024-07-16,21.0500,20.6350,20.8400,20.8100,1361800.0000,5409883560.1534
30990,Organon & Co.,OGN,2024-07-17,21.4300,20.5500,20.6000,21.1600,1809200.0000,5500871611.9724
30991,Organon & Co.,OGN,2024-07-18,21.4900,20.8700,21.0300,20.9700,1154100.0000,5451478013.1258
30992,Organon & Co.,OGN,2024-07-19,21.1800,20.8600,20.9400,20.9800,1126500.0000,5454077728.4172
30993,Organon & Co.,OGN,2024-07-22,21.5600,20.6700,21.1400,21.5400,1292200.0000,5599658809.6656
30994,Organon & Co.,OGN,2024-07-23,21.6800,21.0900,21.4950,21.4600,1370400.0000,5578861087.3344
30995,Organon & Co.,OGN,2024-07-24,21.9400,21.3700,21.4700,21.6300,1211400.0000,5623055255.5982
30996,Organon & Co.,OGN,2024-07-25,22.1600,21.5400,21.8500,22.0700,1862900.0000,5737440249.1948
30997,Organon & Co.,OGN,2024-07-26,22.3700,21.6700,22.2500,22.1900,987600.0000,5768636336.8466
30998,Organon & Co.,OGN,2024-07-29,22.5600,21.9900,22.3800,22.4800,1756200.0000,5844026096.9172
30999,Organon & Co.,OGN,2024-07-30,22.6100,22.0000,22.5000,22.2700,1301200.0000,5789433563.3328
31000,Organon & Co.,OGN,2024-07-31,22.4400,21.7520,22.3800,21.8600,1536100.0000,5682847715.6104
31001,Organon & Co.,OGN,2024-08-01,22.1300,21.5100,21.9800,21.6500,1614800.0000,5628254686.1810
31002,Organon & Co.,OGN,2024-08-02,21.5000,20.5100,21.3600,20.9100,2064100.0000,5435880217.2224
31003,Organon & Co.,OGN,2024-08-05,20.4600,19.4600,19.8000,20.1900,3098600.0000,5248705178.8466
31004,Organon & Co.,OGN,2024-08-06,19.9000,17.7500,19.5800,18.6500,8378400.0000,4848357949.1810
31005,Organon & Co.,OGN,2024-08-07,19.5950,18.6250,19.0200,19.0500,2413300.0000,4952344081.6120
31006,Organon & Co.,OGN,2024-08-08,19.7710,18.7900,19.2000,19.5600,1828800.0000,5084926586.4034
31007,Organon & Co.,OGN,2024-08-09,20.4690,19.3500,19.6100,20.1500,1676200.0000,5238306317.6810
31008,Organon & Co.,OGN,2024-08-12,20.2450,19.1500,20.2000,19.4600,1827100.0000,5058929929.3344
31009,Organon & Co.,OGN,2024-08-13,20.3350,19.4800,19.6400,20.2900,1180600.0000,5274701835.9156
31010,Organon & Co.,OGN,2024-08-14,20.4700,19.7950,20.3800,19.9700,1591200.0000,5191512434.1258
31011,Organon & Co.,OGN,2024-08-15,20.6700,20.2100,20.2700,20.2200,1200900.0000,5256503828.8758
31012,Organon & Co.,OGN,2024-08-16,20.4700,19.7600,19.9500,20.3500,1720700.0000,5290299631.8190
31013,Organon & Co.,OGN,2024-08-19,20.9900,20.1900,20.4100,20.9600,1674100.0000,5448878297.8344
31014,Organon & Co.,OGN,2024-08-20,21.3100,20.7100,20.7600,20.8000,1459300.0000,5407283844.8620
31015,Organon & Co.,OGN,2024-08-21,21.0500,20.7000,20.8500,21.0300,1681400.0000,5467076304.8742
31016,Organon & Co.,OGN,2024-08-22,21.0800,20.7800,21.0800,20.8900,1114000.0000,5430680786.6396
31017,Organon & Co.,OGN,2024-08-23,22.4900,20.9150,21.0000,22.3600,2945600.0000,5812830505.1104
31018,Organon & Co.,OGN,2024-08-26,23.1000,22.2700,22.4000,23.0300,1914100.0000,5987007462.8742
31019,Organon & Co.,OGN,2024-08-27,22.9800,22.1400,22.9200,22.4100,1465400.0000,5825828585.7224
31020,Organon & Co.,OGN,2024-08-28,22.6000,22.1900,22.2100,22.4700,1105200.0000,5841426381.6258
31021,Organon & Co.,OGN,2024-08-29,22.6700,22.2600,22.6400,22.3100,1217500.0000,5799831928.6534
31022,Organon & Co.,OGN,2024-08-30,22.6100,22.1500,22.4400,22.3500,1447000.0000,5810230789.8190
31023,Organon & Co.,OGN,2024-09-03,22.3200,21.8400,22.0700,22.0800,1251000.0000,5740039964.4862
31024,Organon & Co.,OGN,2024-09-04,22.3100,21.9300,22.0300,22.2200,886700.0000,5776434986.8758
31025,Organon & Co.,OGN,2024-09-05,22.4200,21.2800,22.4000,21.3600,1356600.0000,5552864926.1104
31026,Organon & Co.,OGN,2024-09-06,21.2500,20.4800,20.9600,20.4900,1647800.0000,5326694654.2086
31027,Organon & Co.,OGN,2024-09-09,20.5900,20.1400,20.4400,20.1800,1359200.0000,5246105463.5552
31028,Organon & Co.,OGN,2024-09-10,20.2200,19.8450,20.1500,20.0900,1284200.0000,5222708521.7776
31029,Organon & Co.,OGN,2024-09-11,20.2710,19.7050,20.0100,20.1600,1181100.0000,5240906032.9724
31030,Organon & Co.,OGN,2024-09-12,20.3300,20.0400,20.1000,20.2900,1280300.0000,5274701835.9156
31031,Organon & Co.,OGN,2024-09-13,20.9200,20.4400,20.5400,20.4700,1053300.0000,5321495223.6258
31032,Organon & Co.,OGN,2024-09-16,21.0550,20.4100,20.5100,20.8800,1087100.0000,5428081071.3482
31033,Organon & Co.,OGN,2024-09-17,20.9600,20.3800,20.9300,20.5500,1345800.0000,5342292450.1120
31034,Organon & Co.,OGN,2024-09-18,20.5800,19.4200,20.5100,19.9700,3863100.0000,5191512434.1258
31035,Organon & Co.,OGN,2024-09-19,20.4800,19.7000,20.2600,20.1800,2648900.0000,5246105463.5552
31036,Organon & Co.,OGN,2024-09-20,20.0900,19.4300,20.0900,19.4900,5887500.0000,5066729075.2086
31037,Organon & Co.,OGN,2024-09-23,19.7920,19.4600,19.5500,19.7200,1254300.0000,5126521039.3758
31038,Organon & Co.,OGN,2024-09-24,19.8300,19.5100,19.8000,19.6600,1279900.0000,5110923243.4724
31039,Organon & Co.,OGN,2024-09-25,19.7300,18.9550,19.7000,19.0300,2411800.0000,4947145146.8742
31040,Organon & Co.,OGN,2024-09-26,19.2600,18.9800,19.1800,19.1700,1706100.0000,4983540169.2638
31041,Organon & Co.,OGN,2024-09-27,19.4100,19.0440,19.3900,19.1800,1627600.0000,4986139884.5552
31042,Organon & Co.,OGN,2024-09-30,19.3500,19.0780,19.2600,19.1300,2608500.0000,4973141308.0982
31043,Organon & Co.,OGN,2024-10-01,19.1500,18.6300,19.1000,18.8300,2161600.0000,4895151832.7362
31044,Organon & Co.,OGN,2024-10-02,18.9250,18.5040,18.8800,18.5800,2029400.0000,4830160437.9862
31045,Organon & Co.,OGN,2024-10-03,18.6500,18.2200,18.5000,18.2600,2203800.0000,4746971532.0414
31046,Organon & Co.,OGN,2024-10-04,18.5300,18.2500,18.4000,18.2900,2175600.0000,4754770677.9156
31047,Organon & Co.,OGN,2024-10-07,18.3300,17.8400,18.3300,18.1200,2854800.0000,4710576509.6518
31048,Organon & Co.,OGN,2024-10-08,18.1800,17.9600,18.0400,18.1000,1760100.0000,4705377079.0690
31049,Organon & Co.,OGN,2024-10-09,18.1700,17.9300,18.1200,18.0300,1952400.0000,4687179567.8742
31050,Organon & Co.,OGN,2024-10-10,18.0800,17.7200,18.0300,17.9800,2095600.0000,4674180991.4172
31051,Organon & Co.,OGN,2024-10-11,18.1600,17.8800,17.9700,18.0000,1841000.0000,4679380422.0000
31052,Organon & Co.,OGN,2024-10-14,18.1500,17.8100,17.9600,18.1000,1608300.0000,4705377079.0690
31053,Organon & Co.,OGN,2024-10-15,18.3500,17.9000,18.0600,18.0400,2358900.0000,4689779283.1656
31054,Organon & Co.,OGN,2024-10-16,18.2700,17.9400,18.1500,17.9400,2190500.0000,4663782626.0966
31055,Organon & Co.,OGN,2024-10-17,17.9800,17.6000,17.9800,17.6400,1656500.0000,4585792654.8896
31056,Organon & Co.,OGN,2024-10-18,17.7260,17.4400,17.6900,17.6100,1757000.0000,4577994004.8604
31057,Organon & Co.,OGN,2024-10-21,17.7900,17.4200,17.5600,17.4500,1965900.0000,4536399551.8880
31058,Organon & Co.,OGN,2024-10-22,17.4800,17.2500,17.4100,17.3500,1340400.0000,4510402894.8190
31059,Organon & Co.,OGN,2024-10-23,17.4300,17.1600,17.3100,17.2100,1770400.0000,4474007376.5844
31060,Organon & Co.,OGN,2024-10-24,17.3400,17.1000,17.2000,17.2200,1991600.0000,4476607091.8758
31061,Organon & Co.,OGN,2024-10-25,17.3600,17.1400,17.2700,17.1600,1533400.0000,4461009295.9724
31062,Organon & Co.,OGN,2024-10-28,17.5190,17.2400,17.3600,17.4600,1557400.0000,4538998771.3344
31063,Organon & Co.,OGN,2024-10-29,17.8800,17.2000,17.3300,17.8500,3106000.0000,4640385684.3190
31064,Organon & Co.,OGN,2024-10-30,18.1150,17.5700,17.7500,17.9300,3347100.0000,4661182910.8052
31065,Organon & Co.,OGN,2024-10-31,19.0450,17.8600,18.0100,18.7800,4092800.0000,4882153752.1242
31066,Organon & Co.,OGN,2024-11-01,18.9400,18.0500,18.5000,18.0700,2703000.0000,4697577933.1948
31067,Organon & Co.,OGN,2024-11-04,18.0200,16.8150,17.9600,16.9200,4597300.0000,4398617616.5138
31068,Organon & Co.,OGN,2024-11-05,16.8500,15.9800,16.7400,16.4600,7657800.0000,4279033192.3344
31069,Organon & Co.,OGN,2024-11-06,16.8200,15.7350,16.7500,15.8000,5543900.0000,4107456197.7845
31070,Organon & Co.,OGN,2024-11-07,16.3450,15.9400,16.0000,16.1200,3355200.0000,4190645351.6518
31071,Organon & Co.,OGN,2024-11-08,16.2650,15.9500,16.1900,16.0400,2570100.0000,4169848125.1656
31072,Organon & Co.,OGN,2024-11-11,16.4450,16.0500,16.1700,16.0900,2845800.0000,4182846205.7776
31073,Organon & Co.,OGN,2024-11-12,15.7200,15.2450,15.5700,15.5800,3638600.0000,4050263700.9862
31074,Organon & Co.,OGN,2024-11-13,15.8450,15.4700,15.5800,15.6100,2285000.0000,4058062598.9379
31075,Organon & Co.,OGN,2024-11-14,15.8300,15.2500,15.7000,15.3100,1909100.0000,3980073123.5759
31076,Organon & Co.,OGN,2024-11-15,15.3400,14.8550,15.2500,15.0300,2831500.0000,3907282582.9517
31077,Organon & Co.,OGN,2024-11-18,15.1500,14.8000,14.9000,15.1000,2373300.0000,3925480342.0690
31078,Organon & Co.,OGN,2024-11-19,15.0500,14.3850,14.9300,14.5900,3796000.0000,3792897837.2776
31079,Organon & Co.,OGN,2024-11-20,14.7800,14.4500,14.5900,14.7300,2310100.0000,3829292859.6672
31080,Organon & Co.,OGN,2024-11-21,15.0500,14.7500,14.7700,14.8900,2219300.0000,3870887560.5621
31081,Organon & Co.,OGN,2024-11-22,15.4700,14.9400,14.9400,15.2800,2548900.0000,3972273977.7017
31082,Organon & Co.,OGN,2024-11-25,16.2900,15.4500,15.4900,16.1700,4571200.0000,4203643432.2638
31083,Organon & Co.,OGN,2024-11-26,16.2000,15.6700,16.1500,15.7900,2776000.0000,4104856482.4931
31084,Organon & Co.,OGN,2024-11-27,16.1500,15.8800,15.8800,15.9800,1855200.0000,4154249833.4172
31085,Organon & Co.,OGN,2024-11-29,16.1400,15.7250,16.0300,15.8700,1061000.0000,4125653708.9793
31086,Organon & Co.,OGN,2024-12-02,15.8500,15.3400,15.8500,15.5700,2606900.0000,4047663985.6948
31087,Organon & Co.,OGN,2024-12-03,15.7400,15.4900,15.6000,15.6600,1469800.0000,4071060927.4724
31088,Organon & Co.,OGN,2024-12-04,15.6500,15.2800,15.5500,15.3600,2078900.0000,3993071204.1879
31089,Organon & Co.,OGN,2024-12-05,15.6900,15.2600,15.3700,15.5600,2092000.0000,4045064518.3259
31090,Organon & Co.,OGN,2024-12-06,15.7500,15.0600,15.6700,15.1200,2755400.0000,3930679524.7293
31091,Organon & Co.,OGN,2024-12-09,15.3050,15.0100,15.1600,15.0500,3120500.0000,3912482013.5345
31092,Organon & Co.,OGN,2024-12-10,15.6300,14.8000,15.0000,15.1200,4003400.0000,3930679524.7293
31093,Organon & Co.,OGN,2024-12-11,15.7800,15.0200,15.1400,15.6800,4162100.0000,4076260358.0552
31094,Organon & Co.,OGN,2024-12-12,15.9500,15.3200,15.6500,15.3500,3833400.0000,3990471736.8190
31095,Organon & Co.,OGN,2024-12-13,15.4000,14.7500,15.2700,15.3000,5316900.0000,3977473408.2845
31096,Organon & Co.,OGN,2024-12-16,15.4100,14.5600,15.2300,14.5800,4447800.0000,3790298121.9862
31097,Organon & Co.,OGN,2024-12-17,14.8100,14.5250,14.5600,14.7700,3483200.0000,3839691720.8328
31098,Organon & Co.,OGN,2024-12-18,15.1450,14.5000,14.8000,14.5100,3187100.0000,3772100610.7914
31099,Organon & Co.,OGN,2024-12-19,14.7900,14.3850,14.5300,14.4400,3875800.0000,3753902851.6741
31100,Organon & Co.,OGN,2024-12-20,14.9150,14.4100,14.5400,14.5800,31638600.0000,3790298121.9862
31101,Organon & Co.,OGN,2024-12-23,14.7400,13.8700,14.5100,14.7000,4392600.0000,3821493961.7155
31102,Organon & Co.,OGN,2024-12-24,14.8100,14.5100,14.6800,14.7300,1141100.0000,3829292859.6672
31103,Organon & Co.,OGN,2024-12-26,15.0100,14.6500,14.6700,14.9500,2198300.0000,3886485356.4655
31104,Organon & Co.,OGN,2024-12-27,15.1400,14.8100,14.9000,15.0600,2588600.0000,3915081728.8259
31105,Organon & Co.,OGN,2024-12-30,14.9700,14.6000,14.9500,14.6400,2489900.0000,3805896165.8121
31106,Organon & Co.,OGN,2024-12-31,15.1150,14.5700,14.6600,14.9200,2729400.0000,3878686458.5138
